machine_id,factory_id,machine_type,installation_date,rated_power_kw,status
M001,F01,Lathe,2022-08-25,17.34,active
M002,F01,Milling,2020-07-08,27.83,active
M003,F01,Packaging,2020-12-11,44.65,active
M004,F01,Lathe,2024-08-24,10.82,active
M005,F01,Assembly,2020-11-08,47.54,active
M006,F01,Assembly,2021-09-04,49.69,active
M007,F01,CNC,2023-09-30,34.47,active
M008,F01,Milling,2022-12-16,10.92,active
M009,F01,Packaging,2022-01-15,25.99,active
M010,F01,Lathe,2022-05-02,19.31,active
M011,F02,Packaging,2019-10-21,30.57,active
M012,F02,CNC,2023-03-27,16.82,active
M013,F02,Assembly,2023-05-12,48.63,active
M014,F02,Assembly,2019-06-01,22.18,active
M015,F02,Milling,2021-04-09,19.64,active
M016,F02,Lathe,2020-12-15,34.4,active
M017,F02,Packaging,2019-08-26,17.29,active
M018,F02,Lathe,2022-03-17,30.8,active
M019,F02,Assembly,2020-11-23,48.78,active
M020,F02,Assembly,2020-09-05,47.58,active
