maintenance_id,machine_id,maintenance_date,maintenance_type,failure_type,downtime_minutes,technician,cost
MT000001,M001,2026-01-30 15:45:00,Inspection,Pressure Anomaly,300,TECH08,1536.78
MT000002,M001,2026-01-30 21:05:00,Inspection,Motor Overheating,244,TECH08,900.9
MT000003,M001,2026-01-30 11:25:00,Inspection,Motor Overheating,338,TECH02,1832.8
MT000004,M002,2026-01-28 19:05:00,Corrective,Motor Overheating,221,TECH05,1581.96
MT000005,M002,2026-01-29 19:45:00,Corrective,Motor Overheating,282,TECH09,798.95
MT000006,M002,2026-01-28 23:20:00,Inspection,Excessive Vibration,199,TECH03,1017.91
MT000007,M003,2026-01-29 05:50:00,Preventive,Excessive Vibration,336,TECH07,509.26
MT000008,M003,2026-01-29 10:55:00,Inspection,Motor Overheating,118,TECH02,1025.0
MT000009,M003,2026-01-28 03:20:00,Corrective,Bearing Wear,121,TECH07,1563.99
MT000010,M004,2026-01-29 07:40:00,Inspection,Excessive Vibration,235,TECH01,721.07
MT000011,M004,2026-01-30 19:00:00,Corrective,Motor Overheating,83,TECH10,1462.48
MT000012,M004,2026-01-30 02:20:00,Preventive,Excessive Vibration,247,TECH02,1048.36
MT000013,M005,2026-01-29 16:25:00,Corrective,Excessive Vibration,333,TECH08,1469.07
MT000014,M005,2026-01-29 13:30:00,Preventive,Motor Overheating,325,TECH05,1032.83
MT000015,M005,2026-01-28 12:50:00,Corrective,Excessive Vibration,82,TECH08,956.21
MT000016,M006,2026-01-26 03:15:00,Preventive,Bearing Wear,186,TECH01,137.53
MT000017,M006,2026-01-30 22:05:00,Preventive,Pressure Anomaly,158,TECH08,113.25
MT000018,M006,2026-01-28 10:35:00,Inspection,Excessive Vibration,110,TECH08,1849.62
MT000019,M007,2026-01-30 13:20:00,Preventive,Excessive Vibration,290,TECH10,960.32
MT000020,M007,2026-01-28 01:15:00,Preventive,Pressure Anomaly,164,TECH09,1595.92
MT000021,M007,2026-01-29 11:30:00,Corrective,Bearing Wear,77,TECH07,846.36
MT000022,M008,2026-01-29 16:20:00,Preventive,Excessive Vibration,201,TECH08,759.33
MT000023,M008,2026-01-29 00:50:00,Inspection,Bearing Wear,256,TECH05,2432.11
MT000024,M008,2026-01-30 18:10:00,Inspection,Bearing Wear,34,TECH10,666.36
MT000025,M009,2026-01-30 09:10:00,Corrective,Excessive Vibration,312,TECH09,1805.59
MT000026,M009,2026-01-28 14:55:00,Corrective,Motor Overheating,208,TECH07,1240.89
MT000027,M009,2026-01-27 22:45:00,Preventive,Pressure Anomaly,251,TECH05,698.3
MT000028,M010,2026-01-28 10:20:00,Preventive,Excessive Vibration,200,TECH04,2362.85
MT000029,M010,2026-01-28 23:35:00,Inspection,Excessive Vibration,272,TECH06,2213.12
MT000030,M010,2026-01-29 15:00:00,Corrective,Bearing Wear,91,TECH09,353.19
MT000031,M011,2026-01-28 10:50:00,Corrective,Motor Overheating,157,TECH10,393.01
MT000032,M011,2026-01-30 04:50:00,Preventive,Excessive Vibration,219,TECH01,753.12
MT000033,M011,2026-01-28 10:45:00,Inspection,Motor Overheating,150,TECH04,946.17
MT000034,M012,2026-01-30 15:35:00,Inspection,Excessive Vibration,227,TECH08,1381.81
MT000035,M012,2026-01-29 10:40:00,Corrective,Bearing Wear,254,TECH03,746.59
MT000036,M012,2026-01-30 16:20:00,Inspection,Excessive Vibration,189,TECH08,1787.25
MT000037,M013,2026-01-28 15:05:00,Preventive,Motor Overheating,81,TECH07,1293.4
MT000038,M013,2026-01-24 09:50:00,Preventive,Bearing Wear,142,TECH08,188.53
MT000039,M013,2026-01-30 18:25:00,Preventive,Motor Overheating,159,TECH06,179.32
MT000040,M014,2026-01-29 20:25:00,Preventive,Bearing Wear,155,TECH02,1374.24
MT000041,M014,2026-01-28 08:20:00,Corrective,Pressure Anomaly,227,TECH07,1713.13
MT000042,M014,2026-01-29 14:20:00,Inspection,Pressure Anomaly,152,TECH01,1847.72
MT000043,M015,2026-01-27 16:10:00,Preventive,Pressure Anomaly,127,TECH06,1057.18
MT000044,M015,2026-01-29 22:05:00,Inspection,Pressure Anomaly,173,TECH01,461.72
MT000045,M015,2026-01-25 13:05:00,Inspection,Motor Overheating,288,TECH04,882.3
MT000046,M016,2026-01-30 15:40:00,Inspection,Motor Overheating,176,TECH04,1648.41
MT000047,M016,2026-01-29 11:00:00,Preventive,Bearing Wear,157,TECH07,2348.15
MT000048,M016,2026-01-30 12:00:00,Preventive,Excessive Vibration,180,TECH10,719.06
MT000049,M017,2026-01-29 14:30:00,Corrective,Pressure Anomaly,89,TECH01,680.45
MT000050,M017,2026-01-30 07:30:00,Corrective,Pressure Anomaly,66,TECH07,913.67
MT000051,M017,2026-01-30 11:20:00,Inspection,Excessive Vibration,333,TECH03,2155.18
MT000052,M018,2026-01-27 02:50:00,Corrective,Pressure Anomaly,190,TECH08,2142.23
MT000053,M018,2026-01-26 15:15:00,Preventive,Pressure Anomaly,133,TECH04,1493.65
MT000054,M018,2026-01-30 11:30:00,Corrective,Bearing Wear,128,TECH09,112.15
MT000055,M019,2026-01-30 21:45:00,Corrective,Motor Overheating,223,TECH06,1176.22
MT000056,M019,2026-01-30 20:30:00,Preventive,Bearing Wear,190,TECH04,669.4
MT000057,M019,2026-01-29 20:10:00,Preventive,Pressure Anomaly,164,TECH03,1678.27
MT000058,M020,2026-01-29 04:50:00,Preventive,Pressure Anomaly,51,TECH06,2449.34
MT000059,M020,2026-01-28 10:10:00,Inspection,Motor Overheating,293,TECH02,940.19
MT000060,M020,2026-01-27 13:45:00,Preventive,Pressure Anomaly,346,TECH03,1472.81
