production_id,machine_id,product_id,production_start,production_end,quantity_produced
PR000001,M001,P005,2026-01-01 16:00:00,2026-01-01 20:00:00,800
PR000002,M001,P007,2026-01-01 12:00:00,2026-01-01 14:00:00,566
PR000003,M003,P008,2026-01-01 11:00:00,2026-01-01 12:00:00,869
PR000004,M003,P002,2026-01-01 17:00:00,2026-01-01 19:00:00,905
PR000005,M003,P004,2026-01-01 17:00:00,2026-01-01 18:00:00,260
PR000006,M003,P004,2026-01-01 15:00:00,2026-01-01 17:00:00,352
PR000007,M005,P004,2026-01-01 15:00:00,2026-01-01 19:00:00,575
PR000008,M005,P006,2026-01-01 19:00:00,2026-01-01 21:00:00,786
PR000009,M005,P004,2026-01-01 08:00:00,2026-01-01 12:00:00,666
PR000010,M005,P003,2026-01-01 14:00:00,2026-01-01 17:00:00,584
PR000011,M006,P001,2026-01-01 12:00:00,2026-01-01 14:00:00,487
PR000012,M006,P002,2026-01-01 17:00:00,2026-01-01 19:00:00,341
PR000013,M007,P007,2026-01-01 07:00:00,2026-01-01 11:00:00,191
PR000014,M007,P005,2026-01-01 17:00:00,2026-01-01 20:00:00,527
PR000015,M008,P008,2026-01-01 19:00:00,2026-01-01 20:00:00,661
PR000016,M008,P006,2026-01-01 09:00:00,2026-01-01 11:00:00,489
PR000017,M008,P005,2026-01-01 15:00:00,2026-01-01 19:00:00,921
PR000018,M008,P002,2026-01-01 07:00:00,2026-01-01 09:00:00,655
PR000019,M009,P004,2026-01-01 13:00:00,2026-01-01 15:00:00,826
PR000020,M009,P005,2026-01-01 14:00:00,2026-01-01 16:00:00,395
PR000021,M009,P005,2026-01-01 18:00:00,2026-01-01 20:00:00,978
PR000022,M010,P005,2026-01-01 17:00:00,2026-01-01 21:00:00,479
PR000023,M010,P005,2026-01-01 14:00:00,2026-01-01 15:00:00,114
PR000024,M012,P007,2026-01-01 17:00:00,2026-01-01 21:00:00,571
PR000025,M012,P008,2026-01-01 16:00:00,2026-01-01 19:00:00,692
PR000026,M013,P007,2026-01-01 16:00:00,2026-01-01 17:00:00,589
PR000027,M013,P007,2026-01-01 15:00:00,2026-01-01 16:00:00,127
PR000028,M014,P007,2026-01-01 06:00:00,2026-01-01 10:00:00,602
PR000029,M014,P003,2026-01-01 19:00:00,2026-01-01 23:00:00,904
PR000030,M014,P003,2026-01-01 17:00:00,2026-01-01 21:00:00,825
PR000031,M015,P003,2026-01-01 10:00:00,2026-01-01 13:00:00,561
PR000032,M015,P007,2026-01-01 06:00:00,2026-01-01 07:00:00,317
PR000033,M015,P001,2026-01-01 19:00:00,2026-01-01 22:00:00,894
PR000034,M015,P005,2026-01-01 15:00:00,2026-01-01 17:00:00,991
PR000035,M016,P004,2026-01-01 06:00:00,2026-01-01 10:00:00,195
PR000036,M016,P007,2026-01-01 19:00:00,2026-01-01 20:00:00,506
PR000037,M016,P005,2026-01-01 18:00:00,2026-01-01 21:00:00,270
PR000038,M016,P007,2026-01-01 09:00:00,2026-01-01 10:00:00,259
PR000039,M017,P005,2026-01-01 17:00:00,2026-01-01 19:00:00,781
PR000040,M017,P004,2026-01-01 19:00:00,2026-01-01 20:00:00,745
PR000041,M017,P004,2026-01-01 17:00:00,2026-01-01 21:00:00,655
PR000042,M018,P001,2026-01-01 15:00:00,2026-01-01 18:00:00,447
PR000043,M018,P001,2026-01-01 12:00:00,2026-01-01 14:00:00,324
PR000044,M018,P004,2026-01-01 14:00:00,2026-01-01 17:00:00,732
PR000045,M018,P007,2026-01-01 18:00:00,2026-01-01 19:00:00,358
PR000046,M019,P001,2026-01-01 14:00:00,2026-01-01 16:00:00,776
PR000047,M019,P008,2026-01-01 08:00:00,2026-01-01 10:00:00,783
PR000048,M019,P008,2026-01-01 16:00:00,2026-01-01 18:00:00,771
PR000049,M019,P001,2026-01-01 13:00:00,2026-01-01 14:00:00,791
PR000050,M001,P001,2026-01-02 12:00:00,2026-01-02 14:00:00,486
PR000051,M001,P003,2026-01-02 10:00:00,2026-01-02 11:00:00,180
PR000052,M001,P004,2026-01-02 06:00:00,2026-01-02 08:00:00,741
PR000053,M003,P002,2026-01-02 06:00:00,2026-01-02 09:00:00,737
PR000054,M003,P008,2026-01-02 10:00:00,2026-01-02 14:00:00,829
PR000055,M004,P008,2026-01-02 09:00:00,2026-01-02 12:00:00,302
PR000056,M004,P006,2026-01-02 16:00:00,2026-01-02 17:00:00,866
PR000057,M004,P002,2026-01-02 13:00:00,2026-01-02 14:00:00,983
PR000058,M004,P008,2026-01-02 11:00:00,2026-01-02 13:00:00,610
PR000059,M005,P008,2026-01-02 17:00:00,2026-01-02 20:00:00,425
PR000060,M005,P004,2026-01-02 18:00:00,2026-01-02 21:00:00,759
PR000061,M006,P003,2026-01-02 15:00:00,2026-01-02 18:00:00,610
PR000062,M006,P004,2026-01-02 09:00:00,2026-01-02 13:00:00,810
PR000063,M006,P007,2026-01-02 14:00:00,2026-01-02 15:00:00,739
PR000064,M006,P003,2026-01-02 07:00:00,2026-01-02 11:00:00,740
PR000065,M007,P006,2026-01-02 07:00:00,2026-01-02 10:00:00,514
PR000066,M007,P004,2026-01-02 15:00:00,2026-01-02 18:00:00,362
PR000067,M008,P002,2026-01-02 09:00:00,2026-01-02 13:00:00,980
PR000068,M008,P004,2026-01-02 06:00:00,2026-01-02 10:00:00,353
PR000069,M009,P003,2026-01-02 12:00:00,2026-01-02 13:00:00,332
PR000070,M009,P003,2026-01-02 08:00:00,2026-01-02 12:00:00,307
PR000071,M009,P008,2026-01-02 09:00:00,2026-01-02 13:00:00,153
PR000072,M009,P003,2026-01-02 06:00:00,2026-01-02 10:00:00,727
PR000073,M010,P003,2026-01-02 13:00:00,2026-01-02 17:00:00,353
PR000074,M010,P001,2026-01-02 19:00:00,2026-01-02 20:00:00,198
PR000075,M010,P006,2026-01-02 18:00:00,2026-01-02 20:00:00,995
PR000076,M011,P004,2026-01-02 08:00:00,2026-01-02 12:00:00,780
PR000077,M011,P006,2026-01-02 06:00:00,2026-01-02 10:00:00,900
PR000078,M011,P008,2026-01-02 10:00:00,2026-01-02 14:00:00,603
PR000079,M012,P008,2026-01-02 06:00:00,2026-01-02 10:00:00,132
PR000080,M012,P006,2026-01-02 17:00:00,2026-01-02 20:00:00,982
PR000081,M012,P006,2026-01-02 12:00:00,2026-01-02 14:00:00,849
PR000082,M012,P003,2026-01-02 11:00:00,2026-01-02 13:00:00,464
PR000083,M013,P006,2026-01-02 16:00:00,2026-01-02 18:00:00,376
PR000084,M013,P008,2026-01-02 06:00:00,2026-01-02 10:00:00,978
PR000085,M013,P008,2026-01-02 06:00:00,2026-01-02 07:00:00,928
PR000086,M013,P008,2026-01-02 08:00:00,2026-01-02 12:00:00,646
PR000087,M014,P005,2026-01-02 17:00:00,2026-01-02 21:00:00,257
PR000088,M014,P003,2026-01-02 19:00:00,2026-01-02 20:00:00,617
PR000089,M015,P006,2026-01-02 13:00:00,2026-01-02 14:00:00,596
PR000090,M015,P004,2026-01-02 10:00:00,2026-01-02 13:00:00,198
PR000091,M016,P008,2026-01-02 18:00:00,2026-01-02 19:00:00,260
PR000092,M016,P001,2026-01-02 08:00:00,2026-01-02 12:00:00,117
PR000093,M016,P002,2026-01-02 15:00:00,2026-01-02 18:00:00,665
PR000094,M016,P008,2026-01-02 08:00:00,2026-01-02 12:00:00,785
PR000095,M017,P003,2026-01-02 11:00:00,2026-01-02 14:00:00,738
PR000096,M017,P008,2026-01-02 15:00:00,2026-01-02 17:00:00,884
PR000097,M017,P006,2026-01-02 06:00:00,2026-01-02 07:00:00,910
PR000098,M017,P007,2026-01-02 12:00:00,2026-01-02 13:00:00,781
PR000099,M018,P004,2026-01-02 14:00:00,2026-01-02 18:00:00,624
PR000100,M018,P004,2026-01-02 15:00:00,2026-01-02 18:00:00,924
PR000101,M018,P008,2026-01-02 18:00:00,2026-01-02 22:00:00,420
PR000102,M019,P007,2026-01-02 17:00:00,2026-01-02 20:00:00,570
PR000103,M019,P008,2026-01-02 17:00:00,2026-01-02 19:00:00,933
PR000104,M019,P003,2026-01-02 12:00:00,2026-01-02 15:00:00,953
PR000105,M020,P002,2026-01-02 19:00:00,2026-01-02 20:00:00,249
PR000106,M020,P004,2026-01-02 15:00:00,2026-01-02 17:00:00,404
PR000107,M020,P006,2026-01-02 15:00:00,2026-01-02 17:00:00,882
PR000108,M020,P001,2026-01-02 16:00:00,2026-01-02 20:00:00,712
PR000109,M001,P005,2026-01-03 12:00:00,2026-01-03 16:00:00,873
PR000110,M001,P003,2026-01-03 09:00:00,2026-01-03 11:00:00,146
PR000111,M002,P006,2026-01-03 07:00:00,2026-01-03 11:00:00,205
PR000112,M002,P007,2026-01-03 08:00:00,2026-01-03 09:00:00,219
PR000113,M003,P002,2026-01-03 12:00:00,2026-01-03 14:00:00,840
PR000114,M003,P007,2026-01-03 10:00:00,2026-01-03 12:00:00,890
PR000115,M003,P002,2026-01-03 14:00:00,2026-01-03 18:00:00,740
PR000116,M004,P006,2026-01-03 07:00:00,2026-01-03 11:00:00,737
PR000117,M004,P005,2026-01-03 14:00:00,2026-01-03 18:00:00,336
PR000118,M004,P007,2026-01-03 06:00:00,2026-01-03 10:00:00,288
PR000119,M004,P007,2026-01-03 10:00:00,2026-01-03 12:00:00,960
PR000120,M006,P005,2026-01-03 10:00:00,2026-01-03 12:00:00,796
PR000121,M006,P007,2026-01-03 19:00:00,2026-01-03 23:00:00,168
PR000122,M006,P006,2026-01-03 06:00:00,2026-01-03 08:00:00,849
PR000123,M006,P008,2026-01-03 09:00:00,2026-01-03 10:00:00,303
PR000124,M008,P006,2026-01-03 09:00:00,2026-01-03 10:00:00,353
PR000125,M008,P002,2026-01-03 10:00:00,2026-01-03 13:00:00,861
PR000126,M008,P002,2026-01-03 11:00:00,2026-01-03 12:00:00,199
PR000127,M008,P003,2026-01-03 09:00:00,2026-01-03 12:00:00,861
PR000128,M009,P008,2026-01-03 13:00:00,2026-01-03 14:00:00,615
PR000129,M009,P002,2026-01-03 13:00:00,2026-01-03 17:00:00,858
PR000130,M011,P003,2026-01-03 09:00:00,2026-01-03 13:00:00,789
PR000131,M011,P003,2026-01-03 17:00:00,2026-01-03 18:00:00,790
PR000132,M011,P001,2026-01-03 10:00:00,2026-01-03 14:00:00,934
PR000133,M011,P003,2026-01-03 06:00:00,2026-01-03 10:00:00,941
PR000134,M012,P002,2026-01-03 17:00:00,2026-01-03 20:00:00,401
PR000135,M012,P003,2026-01-03 18:00:00,2026-01-03 21:00:00,853
PR000136,M013,P006,2026-01-03 13:00:00,2026-01-03 14:00:00,701
PR000137,M013,P007,2026-01-03 07:00:00,2026-01-03 10:00:00,716
PR000138,M013,P002,2026-01-03 09:00:00,2026-01-03 11:00:00,600
PR000139,M014,P005,2026-01-03 13:00:00,2026-01-03 17:00:00,828
PR000140,M014,P002,2026-01-03 18:00:00,2026-01-03 19:00:00,775
PR000141,M015,P002,2026-01-03 06:00:00,2026-01-03 09:00:00,647
PR000142,M015,P008,2026-01-03 06:00:00,2026-01-03 09:00:00,195
PR000143,M015,P005,2026-01-03 12:00:00,2026-01-03 14:00:00,835
PR000144,M015,P005,2026-01-03 17:00:00,2026-01-03 18:00:00,794
PR000145,M016,P001,2026-01-03 14:00:00,2026-01-03 16:00:00,372
PR000146,M016,P001,2026-01-03 19:00:00,2026-01-03 23:00:00,979
PR000147,M016,P003,2026-01-03 11:00:00,2026-01-03 12:00:00,798
PR000148,M016,P005,2026-01-03 06:00:00,2026-01-03 10:00:00,495
PR000149,M017,P007,2026-01-03 12:00:00,2026-01-03 16:00:00,817
PR000150,M017,P007,2026-01-03 09:00:00,2026-01-03 12:00:00,605
PR000151,M020,P007,2026-01-03 10:00:00,2026-01-03 14:00:00,664
PR000152,M020,P005,2026-01-03 14:00:00,2026-01-03 17:00:00,208
PR000153,M020,P007,2026-01-03 15:00:00,2026-01-03 17:00:00,497
PR000154,M020,P007,2026-01-03 15:00:00,2026-01-03 16:00:00,262
PR000155,M001,P001,2026-01-04 07:00:00,2026-01-04 10:00:00,687
PR000156,M001,P001,2026-01-04 15:00:00,2026-01-04 17:00:00,591
PR000157,M001,P006,2026-01-04 18:00:00,2026-01-04 20:00:00,618
PR000158,M001,P001,2026-01-04 18:00:00,2026-01-04 22:00:00,269
PR000159,M002,P005,2026-01-04 07:00:00,2026-01-04 08:00:00,128
PR000160,M002,P008,2026-01-04 11:00:00,2026-01-04 14:00:00,747
PR000161,M002,P004,2026-01-04 18:00:00,2026-01-04 19:00:00,441
PR000162,M003,P004,2026-01-04 14:00:00,2026-01-04 15:00:00,231
PR000163,M003,P003,2026-01-04 11:00:00,2026-01-04 15:00:00,514
PR000164,M003,P007,2026-01-04 18:00:00,2026-01-04 22:00:00,281
PR000165,M003,P003,2026-01-04 16:00:00,2026-01-04 18:00:00,957
PR000166,M005,P002,2026-01-04 07:00:00,2026-01-04 11:00:00,737
PR000167,M005,P005,2026-01-04 09:00:00,2026-01-04 13:00:00,555
PR000168,M006,P006,2026-01-04 06:00:00,2026-01-04 09:00:00,447
PR000169,M006,P001,2026-01-04 14:00:00,2026-01-04 17:00:00,607
PR000170,M006,P006,2026-01-04 14:00:00,2026-01-04 18:00:00,216
PR000171,M006,P008,2026-01-04 15:00:00,2026-01-04 19:00:00,784
PR000172,M007,P005,2026-01-04 10:00:00,2026-01-04 14:00:00,985
PR000173,M007,P004,2026-01-04 16:00:00,2026-01-04 20:00:00,328
PR000174,M007,P001,2026-01-04 08:00:00,2026-01-04 11:00:00,631
PR000175,M007,P001,2026-01-04 07:00:00,2026-01-04 10:00:00,332
PR000176,M008,P006,2026-01-04 06:00:00,2026-01-04 07:00:00,665
PR000177,M008,P001,2026-01-04 08:00:00,2026-01-04 12:00:00,570
PR000178,M008,P008,2026-01-04 16:00:00,2026-01-04 20:00:00,429
PR000179,M008,P004,2026-01-04 13:00:00,2026-01-04 15:00:00,507
PR000180,M009,P008,2026-01-04 17:00:00,2026-01-04 21:00:00,189
PR000181,M009,P004,2026-01-04 15:00:00,2026-01-04 19:00:00,277
PR000182,M009,P004,2026-01-04 17:00:00,2026-01-04 18:00:00,140
PR000183,M010,P005,2026-01-04 06:00:00,2026-01-04 07:00:00,823
PR000184,M010,P003,2026-01-04 17:00:00,2026-01-04 21:00:00,657
PR000185,M010,P003,2026-01-04 18:00:00,2026-01-04 20:00:00,693
PR000186,M011,P008,2026-01-04 14:00:00,2026-01-04 16:00:00,109
PR000187,M011,P005,2026-01-04 19:00:00,2026-01-04 21:00:00,350
PR000188,M011,P006,2026-01-04 10:00:00,2026-01-04 13:00:00,900
PR000189,M011,P007,2026-01-04 06:00:00,2026-01-04 08:00:00,323
PR000190,M012,P006,2026-01-04 15:00:00,2026-01-04 18:00:00,316
PR000191,M012,P005,2026-01-04 16:00:00,2026-01-04 19:00:00,788
PR000192,M018,P005,2026-01-04 10:00:00,2026-01-04 12:00:00,870
PR000193,M018,P005,2026-01-04 12:00:00,2026-01-04 13:00:00,664
PR000194,M019,P001,2026-01-04 06:00:00,2026-01-04 07:00:00,177
PR000195,M019,P005,2026-01-04 19:00:00,2026-01-04 20:00:00,150
PR000196,M019,P001,2026-01-04 18:00:00,2026-01-04 22:00:00,545
PR000197,M019,P002,2026-01-04 06:00:00,2026-01-04 10:00:00,899
PR000198,M020,P006,2026-01-04 15:00:00,2026-01-04 17:00:00,773
PR000199,M020,P002,2026-01-04 11:00:00,2026-01-04 14:00:00,990
PR000200,M020,P004,2026-01-04 17:00:00,2026-01-04 18:00:00,153
PR000201,M020,P003,2026-01-04 10:00:00,2026-01-04 12:00:00,833
PR000202,M001,P005,2026-01-05 12:00:00,2026-01-05 15:00:00,328
PR000203,M001,P003,2026-01-05 19:00:00,2026-01-05 21:00:00,174
PR000204,M001,P004,2026-01-05 12:00:00,2026-01-05 14:00:00,803
PR000205,M001,P002,2026-01-05 07:00:00,2026-01-05 09:00:00,405
PR000206,M002,P002,2026-01-05 16:00:00,2026-01-05 19:00:00,546
PR000207,M002,P001,2026-01-05 09:00:00,2026-01-05 10:00:00,265
PR000208,M002,P007,2026-01-05 13:00:00,2026-01-05 16:00:00,641
PR000209,M002,P005,2026-01-05 15:00:00,2026-01-05 18:00:00,180
PR000210,M003,P001,2026-01-05 13:00:00,2026-01-05 14:00:00,429
PR000211,M003,P002,2026-01-05 17:00:00,2026-01-05 21:00:00,168
PR000212,M003,P005,2026-01-05 11:00:00,2026-01-05 12:00:00,549
PR000213,M004,P001,2026-01-05 16:00:00,2026-01-05 19:00:00,210
PR000214,M004,P007,2026-01-05 12:00:00,2026-01-05 15:00:00,947
PR000215,M004,P004,2026-01-05 16:00:00,2026-01-05 18:00:00,619
PR000216,M004,P001,2026-01-05 13:00:00,2026-01-05 17:00:00,795
PR000217,M005,P002,2026-01-05 16:00:00,2026-01-05 17:00:00,771
PR000218,M005,P003,2026-01-05 18:00:00,2026-01-05 20:00:00,150
PR000219,M005,P004,2026-01-05 10:00:00,2026-01-05 11:00:00,565
PR000220,M005,P005,2026-01-05 15:00:00,2026-01-05 16:00:00,633
PR000221,M006,P006,2026-01-05 14:00:00,2026-01-05 18:00:00,445
PR000222,M006,P002,2026-01-05 07:00:00,2026-01-05 08:00:00,177
PR000223,M007,P001,2026-01-05 15:00:00,2026-01-05 16:00:00,146
PR000224,M007,P006,2026-01-05 11:00:00,2026-01-05 14:00:00,155
PR000225,M008,P001,2026-01-05 06:00:00,2026-01-05 08:00:00,903
PR000226,M008,P005,2026-01-05 13:00:00,2026-01-05 14:00:00,966
PR000227,M009,P002,2026-01-05 13:00:00,2026-01-05 15:00:00,625
PR000228,M009,P008,2026-01-05 17:00:00,2026-01-05 20:00:00,177
PR000229,M009,P006,2026-01-05 07:00:00,2026-01-05 08:00:00,765
PR000230,M009,P007,2026-01-05 16:00:00,2026-01-05 20:00:00,982
PR000231,M010,P004,2026-01-05 19:00:00,2026-01-05 22:00:00,850
PR000232,M010,P006,2026-01-05 18:00:00,2026-01-05 20:00:00,605
PR000233,M010,P008,2026-01-05 08:00:00,2026-01-05 11:00:00,114
PR000234,M010,P004,2026-01-05 14:00:00,2026-01-05 17:00:00,584
PR000235,M012,P004,2026-01-05 11:00:00,2026-01-05 13:00:00,225
PR000236,M012,P004,2026-01-05 14:00:00,2026-01-05 15:00:00,624
PR000237,M012,P003,2026-01-05 14:00:00,2026-01-05 18:00:00,493
PR000238,M012,P007,2026-01-05 14:00:00,2026-01-05 15:00:00,245
PR000239,M013,P008,2026-01-05 07:00:00,2026-01-05 10:00:00,875
PR000240,M013,P002,2026-01-05 06:00:00,2026-01-05 10:00:00,694
PR000241,M013,P004,2026-01-05 14:00:00,2026-01-05 15:00:00,617
PR000242,M014,P005,2026-01-05 16:00:00,2026-01-05 20:00:00,414
PR000243,M014,P001,2026-01-05 11:00:00,2026-01-05 12:00:00,476
PR000244,M014,P006,2026-01-05 10:00:00,2026-01-05 12:00:00,376
PR000245,M015,P006,2026-01-05 16:00:00,2026-01-05 18:00:00,929
PR000246,M015,P007,2026-01-05 13:00:00,2026-01-05 16:00:00,236
PR000247,M015,P008,2026-01-05 08:00:00,2026-01-05 11:00:00,642
PR000248,M016,P004,2026-01-05 11:00:00,2026-01-05 13:00:00,567
PR000249,M016,P006,2026-01-05 16:00:00,2026-01-05 20:00:00,946
PR000250,M016,P008,2026-01-05 11:00:00,2026-01-05 12:00:00,705
PR000251,M016,P001,2026-01-05 11:00:00,2026-01-05 14:00:00,673
PR000252,M017,P005,2026-01-05 13:00:00,2026-01-05 15:00:00,534
PR000253,M017,P002,2026-01-05 17:00:00,2026-01-05 18:00:00,425
PR000254,M017,P004,2026-01-05 11:00:00,2026-01-05 15:00:00,886
PR000255,M017,P004,2026-01-05 06:00:00,2026-01-05 10:00:00,212
PR000256,M019,P007,2026-01-05 10:00:00,2026-01-05 12:00:00,238
PR000257,M019,P001,2026-01-05 09:00:00,2026-01-05 10:00:00,358
PR000258,M019,P005,2026-01-05 11:00:00,2026-01-05 13:00:00,109
PR000259,M001,P001,2026-01-06 13:00:00,2026-01-06 15:00:00,695
PR000260,M001,P001,2026-01-06 10:00:00,2026-01-06 11:00:00,884
PR000261,M002,P007,2026-01-06 12:00:00,2026-01-06 15:00:00,705
PR000262,M002,P004,2026-01-06 06:00:00,2026-01-06 07:00:00,417
PR000263,M002,P005,2026-01-06 17:00:00,2026-01-06 19:00:00,433
PR000264,M003,P001,2026-01-06 07:00:00,2026-01-06 11:00:00,646
PR000265,M003,P008,2026-01-06 13:00:00,2026-01-06 17:00:00,671
PR000266,M004,P004,2026-01-06 14:00:00,2026-01-06 15:00:00,369
PR000267,M004,P005,2026-01-06 19:00:00,2026-01-06 22:00:00,824
PR000268,M004,P006,2026-01-06 10:00:00,2026-01-06 13:00:00,478
PR000269,M004,P001,2026-01-06 15:00:00,2026-01-06 17:00:00,231
PR000270,M005,P007,2026-01-06 07:00:00,2026-01-06 11:00:00,939
PR000271,M005,P003,2026-01-06 13:00:00,2026-01-06 15:00:00,899
PR000272,M006,P001,2026-01-06 12:00:00,2026-01-06 15:00:00,242
PR000273,M006,P007,2026-01-06 14:00:00,2026-01-06 15:00:00,324
PR000274,M007,P003,2026-01-06 10:00:00,2026-01-06 14:00:00,203
PR000275,M007,P006,2026-01-06 12:00:00,2026-01-06 15:00:00,297
PR000276,M007,P008,2026-01-06 08:00:00,2026-01-06 11:00:00,278
PR000277,M008,P007,2026-01-06 18:00:00,2026-01-06 19:00:00,577
PR000278,M008,P006,2026-01-06 16:00:00,2026-01-06 20:00:00,256
PR000279,M008,P007,2026-01-06 14:00:00,2026-01-06 15:00:00,510
PR000280,M008,P006,2026-01-06 06:00:00,2026-01-06 08:00:00,295
PR000281,M009,P006,2026-01-06 16:00:00,2026-01-06 18:00:00,964
PR000282,M009,P007,2026-01-06 11:00:00,2026-01-06 12:00:00,258
PR000283,M010,P005,2026-01-06 18:00:00,2026-01-06 22:00:00,360
PR000284,M010,P002,2026-01-06 09:00:00,2026-01-06 13:00:00,784
PR000285,M010,P003,2026-01-06 16:00:00,2026-01-06 19:00:00,726
PR000286,M010,P003,2026-01-06 09:00:00,2026-01-06 13:00:00,893
PR000287,M011,P006,2026-01-06 19:00:00,2026-01-06 21:00:00,971
PR000288,M011,P007,2026-01-06 11:00:00,2026-01-06 15:00:00,122
PR000289,M011,P004,2026-01-06 15:00:00,2026-01-06 17:00:00,462
PR000290,M011,P006,2026-01-06 15:00:00,2026-01-06 16:00:00,715
PR000291,M013,P008,2026-01-06 17:00:00,2026-01-06 21:00:00,455
PR000292,M013,P005,2026-01-06 09:00:00,2026-01-06 10:00:00,987
PR000293,M013,P001,2026-01-06 13:00:00,2026-01-06 16:00:00,205
PR000294,M013,P001,2026-01-06 17:00:00,2026-01-06 20:00:00,477
PR000295,M014,P006,2026-01-06 19:00:00,2026-01-06 23:00:00,396
PR000296,M014,P006,2026-01-06 16:00:00,2026-01-06 19:00:00,868
PR000297,M015,P007,2026-01-06 19:00:00,2026-01-06 23:00:00,281
PR000298,M015,P006,2026-01-06 14:00:00,2026-01-06 15:00:00,930
PR000299,M015,P007,2026-01-06 12:00:00,2026-01-06 15:00:00,760
PR000300,M017,P007,2026-01-06 10:00:00,2026-01-06 12:00:00,902
PR000301,M017,P003,2026-01-06 09:00:00,2026-01-06 10:00:00,701
PR000302,M018,P003,2026-01-06 07:00:00,2026-01-06 10:00:00,517
PR000303,M018,P003,2026-01-06 06:00:00,2026-01-06 10:00:00,975
PR000304,M018,P001,2026-01-06 08:00:00,2026-01-06 10:00:00,763
PR000305,M018,P005,2026-01-06 12:00:00,2026-01-06 16:00:00,809
PR000306,M019,P002,2026-01-06 18:00:00,2026-01-06 21:00:00,761
PR000307,M019,P001,2026-01-06 17:00:00,2026-01-06 19:00:00,568
PR000308,M020,P006,2026-01-06 06:00:00,2026-01-06 10:00:00,729
PR000309,M020,P008,2026-01-06 17:00:00,2026-01-06 20:00:00,800
PR000310,M001,P003,2026-01-07 18:00:00,2026-01-07 20:00:00,314
PR000311,M001,P006,2026-01-07 16:00:00,2026-01-07 20:00:00,822
PR000312,M002,P006,2026-01-07 06:00:00,2026-01-07 07:00:00,576
PR000313,M002,P001,2026-01-07 13:00:00,2026-01-07 16:00:00,117
PR000314,M003,P004,2026-01-07 07:00:00,2026-01-07 09:00:00,601
PR000315,M003,P006,2026-01-07 06:00:00,2026-01-07 08:00:00,321
PR000316,M003,P001,2026-01-07 08:00:00,2026-01-07 11:00:00,743
PR000317,M003,P007,2026-01-07 13:00:00,2026-01-07 14:00:00,154
PR000318,M004,P002,2026-01-07 15:00:00,2026-01-07 18:00:00,977
PR000319,M004,P007,2026-01-07 17:00:00,2026-01-07 18:00:00,186
PR000320,M004,P007,2026-01-07 17:00:00,2026-01-07 21:00:00,277
PR000321,M005,P008,2026-01-07 14:00:00,2026-01-07 17:00:00,934
PR000322,M005,P005,2026-01-07 12:00:00,2026-01-07 15:00:00,866
PR000323,M006,P001,2026-01-07 10:00:00,2026-01-07 13:00:00,150
PR000324,M006,P002,2026-01-07 17:00:00,2026-01-07 20:00:00,363
PR000325,M007,P008,2026-01-07 13:00:00,2026-01-07 15:00:00,590
PR000326,M007,P006,2026-01-07 09:00:00,2026-01-07 13:00:00,264
PR000327,M007,P007,2026-01-07 10:00:00,2026-01-07 12:00:00,834
PR000328,M008,P007,2026-01-07 15:00:00,2026-01-07 18:00:00,772
PR000329,M008,P005,2026-01-07 10:00:00,2026-01-07 13:00:00,723
PR000330,M008,P004,2026-01-07 08:00:00,2026-01-07 12:00:00,384
PR000331,M008,P007,2026-01-07 07:00:00,2026-01-07 09:00:00,996
PR000332,M009,P003,2026-01-07 15:00:00,2026-01-07 18:00:00,485
PR000333,M009,P004,2026-01-07 12:00:00,2026-01-07 15:00:00,495
PR000334,M009,P006,2026-01-07 10:00:00,2026-01-07 11:00:00,355
PR000335,M009,P004,2026-01-07 14:00:00,2026-01-07 16:00:00,152
PR000336,M010,P001,2026-01-07 11:00:00,2026-01-07 15:00:00,379
PR000337,M010,P003,2026-01-07 15:00:00,2026-01-07 17:00:00,731
PR000338,M010,P008,2026-01-07 19:00:00,2026-01-07 22:00:00,227
PR000339,M011,P008,2026-01-07 06:00:00,2026-01-07 08:00:00,620
PR000340,M011,P007,2026-01-07 07:00:00,2026-01-07 08:00:00,380
PR000341,M011,P003,2026-01-07 14:00:00,2026-01-07 16:00:00,377
PR000342,M011,P002,2026-01-07 19:00:00,2026-01-07 23:00:00,765
PR000343,M012,P006,2026-01-07 12:00:00,2026-01-07 13:00:00,174
PR000344,M012,P002,2026-01-07 07:00:00,2026-01-07 11:00:00,952
PR000345,M012,P001,2026-01-07 09:00:00,2026-01-07 10:00:00,133
PR000346,M013,P005,2026-01-07 15:00:00,2026-01-07 19:00:00,698
PR000347,M013,P001,2026-01-07 15:00:00,2026-01-07 17:00:00,126
PR000348,M013,P002,2026-01-07 11:00:00,2026-01-07 14:00:00,267
PR000349,M014,P001,2026-01-07 10:00:00,2026-01-07 13:00:00,784
PR000350,M014,P006,2026-01-07 15:00:00,2026-01-07 16:00:00,575
PR000351,M015,P001,2026-01-07 17:00:00,2026-01-07 19:00:00,462
PR000352,M015,P003,2026-01-07 08:00:00,2026-01-07 09:00:00,391
PR000353,M015,P003,2026-01-07 15:00:00,2026-01-07 16:00:00,248
PR000354,M016,P003,2026-01-07 16:00:00,2026-01-07 19:00:00,843
PR000355,M016,P007,2026-01-07 11:00:00,2026-01-07 13:00:00,154
PR000356,M017,P002,2026-01-07 10:00:00,2026-01-07 14:00:00,388
PR000357,M017,P003,2026-01-07 09:00:00,2026-01-07 12:00:00,247
PR000358,M017,P001,2026-01-07 08:00:00,2026-01-07 12:00:00,590
PR000359,M018,P002,2026-01-07 16:00:00,2026-01-07 18:00:00,300
PR000360,M018,P001,2026-01-07 07:00:00,2026-01-07 08:00:00,172
PR000361,M019,P002,2026-01-07 14:00:00,2026-01-07 15:00:00,715
PR000362,M019,P003,2026-01-07 14:00:00,2026-01-07 17:00:00,902
PR000363,M002,P005,2026-01-08 07:00:00,2026-01-08 11:00:00,374
PR000364,M002,P005,2026-01-08 17:00:00,2026-01-08 20:00:00,916
PR000365,M002,P007,2026-01-08 06:00:00,2026-01-08 08:00:00,668
PR000366,M003,P007,2026-01-08 13:00:00,2026-01-08 16:00:00,875
PR000367,M003,P005,2026-01-08 10:00:00,2026-01-08 11:00:00,826
PR000368,M003,P008,2026-01-08 11:00:00,2026-01-08 15:00:00,809
PR000369,M004,P002,2026-01-08 17:00:00,2026-01-08 20:00:00,670
PR000370,M004,P007,2026-01-08 14:00:00,2026-01-08 15:00:00,637
PR000371,M006,P002,2026-01-08 12:00:00,2026-01-08 14:00:00,185
PR000372,M006,P005,2026-01-08 12:00:00,2026-01-08 14:00:00,434
PR000373,M007,P007,2026-01-08 13:00:00,2026-01-08 15:00:00,926
PR000374,M007,P006,2026-01-08 18:00:00,2026-01-08 20:00:00,322
PR000375,M007,P003,2026-01-08 09:00:00,2026-01-08 12:00:00,501
PR000376,M007,P006,2026-01-08 15:00:00,2026-01-08 18:00:00,372
PR000377,M008,P002,2026-01-08 17:00:00,2026-01-08 21:00:00,912
PR000378,M008,P008,2026-01-08 08:00:00,2026-01-08 09:00:00,270
PR000379,M008,P007,2026-01-08 15:00:00,2026-01-08 18:00:00,463
PR000380,M008,P005,2026-01-08 13:00:00,2026-01-08 14:00:00,615
PR000381,M009,P005,2026-01-08 07:00:00,2026-01-08 08:00:00,115
PR000382,M009,P002,2026-01-08 15:00:00,2026-01-08 19:00:00,993
PR000383,M011,P005,2026-01-08 16:00:00,2026-01-08 19:00:00,880
PR000384,M011,P003,2026-01-08 07:00:00,2026-01-08 11:00:00,707
PR000385,M011,P004,2026-01-08 16:00:00,2026-01-08 19:00:00,913
PR000386,M015,P004,2026-01-08 14:00:00,2026-01-08 16:00:00,458
PR000387,M015,P003,2026-01-08 10:00:00,2026-01-08 11:00:00,788
PR000388,M015,P006,2026-01-08 18:00:00,2026-01-08 20:00:00,475
PR000389,M015,P006,2026-01-08 07:00:00,2026-01-08 11:00:00,245
PR000390,M016,P007,2026-01-08 10:00:00,2026-01-08 12:00:00,684
PR000391,M016,P004,2026-01-08 06:00:00,2026-01-08 07:00:00,443
PR000392,M017,P006,2026-01-08 10:00:00,2026-01-08 11:00:00,479
PR000393,M017,P006,2026-01-08 12:00:00,2026-01-08 16:00:00,418
PR000394,M017,P005,2026-01-08 13:00:00,2026-01-08 16:00:00,161
PR000395,M018,P008,2026-01-08 09:00:00,2026-01-08 13:00:00,670
PR000396,M018,P006,2026-01-08 09:00:00,2026-01-08 10:00:00,674
PR000397,M018,P006,2026-01-08 10:00:00,2026-01-08 13:00:00,592
PR000398,M018,P001,2026-01-08 15:00:00,2026-01-08 18:00:00,325
PR000399,M019,P006,2026-01-08 15:00:00,2026-01-08 18:00:00,987
PR000400,M019,P007,2026-01-08 10:00:00,2026-01-08 11:00:00,153
PR000401,M020,P001,2026-01-08 08:00:00,2026-01-08 12:00:00,989
PR000402,M020,P003,2026-01-08 18:00:00,2026-01-08 21:00:00,589
PR000403,M001,P008,2026-01-09 06:00:00,2026-01-09 10:00:00,102
PR000404,M001,P008,2026-01-09 08:00:00,2026-01-09 10:00:00,880
PR000405,M001,P001,2026-01-09 18:00:00,2026-01-09 21:00:00,188
PR000406,M002,P008,2026-01-09 07:00:00,2026-01-09 10:00:00,716
PR000407,M002,P001,2026-01-09 08:00:00,2026-01-09 11:00:00,640
PR000408,M004,P001,2026-01-09 14:00:00,2026-01-09 17:00:00,139
PR000409,M004,P008,2026-01-09 10:00:00,2026-01-09 13:00:00,325
PR000410,M004,P008,2026-01-09 17:00:00,2026-01-09 20:00:00,137
PR000411,M005,P004,2026-01-09 07:00:00,2026-01-09 09:00:00,136
PR000412,M005,P002,2026-01-09 18:00:00,2026-01-09 22:00:00,692
PR000413,M005,P006,2026-01-09 13:00:00,2026-01-09 14:00:00,323
PR000414,M006,P002,2026-01-09 08:00:00,2026-01-09 12:00:00,139
PR000415,M006,P001,2026-01-09 13:00:00,2026-01-09 16:00:00,848
PR000416,M006,P008,2026-01-09 11:00:00,2026-01-09 15:00:00,246
PR000417,M007,P001,2026-01-09 16:00:00,2026-01-09 19:00:00,915
PR000418,M007,P001,2026-01-09 18:00:00,2026-01-09 21:00:00,656
PR000419,M008,P007,2026-01-09 16:00:00,2026-01-09 18:00:00,799
PR000420,M008,P002,2026-01-09 10:00:00,2026-01-09 13:00:00,656
PR000421,M008,P007,2026-01-09 14:00:00,2026-01-09 17:00:00,130
PR000422,M008,P003,2026-01-09 15:00:00,2026-01-09 17:00:00,771
PR000423,M009,P006,2026-01-09 07:00:00,2026-01-09 11:00:00,357
PR000424,M009,P007,2026-01-09 18:00:00,2026-01-09 19:00:00,623
PR000425,M009,P006,2026-01-09 07:00:00,2026-01-09 11:00:00,624
PR000426,M009,P001,2026-01-09 16:00:00,2026-01-09 17:00:00,332
PR000427,M011,P003,2026-01-09 08:00:00,2026-01-09 12:00:00,425
PR000428,M011,P001,2026-01-09 19:00:00,2026-01-09 22:00:00,685
PR000429,M012,P006,2026-01-09 17:00:00,2026-01-09 21:00:00,434
PR000430,M012,P004,2026-01-09 10:00:00,2026-01-09 11:00:00,377
PR000431,M012,P002,2026-01-09 09:00:00,2026-01-09 13:00:00,583
PR000432,M012,P001,2026-01-09 09:00:00,2026-01-09 12:00:00,291
PR000433,M013,P006,2026-01-09 15:00:00,2026-01-09 17:00:00,804
PR000434,M013,P002,2026-01-09 15:00:00,2026-01-09 19:00:00,309
PR000435,M014,P003,2026-01-09 18:00:00,2026-01-09 22:00:00,775
PR000436,M014,P004,2026-01-09 08:00:00,2026-01-09 12:00:00,480
PR000437,M014,P006,2026-01-09 12:00:00,2026-01-09 13:00:00,132
PR000438,M014,P007,2026-01-09 08:00:00,2026-01-09 11:00:00,669
PR000439,M015,P001,2026-01-09 07:00:00,2026-01-09 08:00:00,615
PR000440,M015,P007,2026-01-09 08:00:00,2026-01-09 09:00:00,588
PR000441,M015,P003,2026-01-09 12:00:00,2026-01-09 13:00:00,256
PR000442,M016,P003,2026-01-09 19:00:00,2026-01-09 23:00:00,121
PR000443,M016,P006,2026-01-09 16:00:00,2026-01-09 19:00:00,948
PR000444,M016,P005,2026-01-09 17:00:00,2026-01-09 21:00:00,703
PR000445,M017,P003,2026-01-09 16:00:00,2026-01-09 20:00:00,873
PR000446,M017,P003,2026-01-09 14:00:00,2026-01-09 15:00:00,486
PR000447,M018,P008,2026-01-09 07:00:00,2026-01-09 08:00:00,262
PR000448,M018,P004,2026-01-09 06:00:00,2026-01-09 07:00:00,891
PR000449,M018,P008,2026-01-09 07:00:00,2026-01-09 10:00:00,591
PR000450,M019,P005,2026-01-09 14:00:00,2026-01-09 15:00:00,704
PR000451,M019,P006,2026-01-09 13:00:00,2026-01-09 16:00:00,126
PR000452,M019,P003,2026-01-09 07:00:00,2026-01-09 11:00:00,298
PR000453,M020,P003,2026-01-09 13:00:00,2026-01-09 17:00:00,477
PR000454,M020,P001,2026-01-09 09:00:00,2026-01-09 11:00:00,626
PR000455,M002,P001,2026-01-10 17:00:00,2026-01-10 21:00:00,839
PR000456,M002,P006,2026-01-10 11:00:00,2026-01-10 15:00:00,930
PR000457,M002,P002,2026-01-10 11:00:00,2026-01-10 12:00:00,216
PR000458,M003,P005,2026-01-10 18:00:00,2026-01-10 19:00:00,171
PR000459,M003,P002,2026-01-10 07:00:00,2026-01-10 09:00:00,419
PR000460,M003,P006,2026-01-10 19:00:00,2026-01-10 22:00:00,706
PR000461,M003,P001,2026-01-10 16:00:00,2026-01-10 17:00:00,828
PR000462,M004,P003,2026-01-10 13:00:00,2026-01-10 16:00:00,313
PR000463,M004,P004,2026-01-10 13:00:00,2026-01-10 14:00:00,500
PR000464,M005,P004,2026-01-10 11:00:00,2026-01-10 13:00:00,191
PR000465,M005,P004,2026-01-10 06:00:00,2026-01-10 08:00:00,341
PR000466,M005,P001,2026-01-10 06:00:00,2026-01-10 08:00:00,324
PR000467,M005,P004,2026-01-10 14:00:00,2026-01-10 15:00:00,688
PR000468,M006,P002,2026-01-10 07:00:00,2026-01-10 09:00:00,970
PR000469,M006,P002,2026-01-10 19:00:00,2026-01-10 21:00:00,242
PR000470,M006,P001,2026-01-10 15:00:00,2026-01-10 18:00:00,527
PR000471,M006,P003,2026-01-10 13:00:00,2026-01-10 16:00:00,416
PR000472,M007,P007,2026-01-10 11:00:00,2026-01-10 12:00:00,458
PR000473,M007,P008,2026-01-10 14:00:00,2026-01-10 16:00:00,815
PR000474,M008,P003,2026-01-10 09:00:00,2026-01-10 11:00:00,210
PR000475,M008,P008,2026-01-10 12:00:00,2026-01-10 15:00:00,183
PR000476,M008,P006,2026-01-10 09:00:00,2026-01-10 11:00:00,413
PR000477,M009,P006,2026-01-10 14:00:00,2026-01-10 18:00:00,973
PR000478,M009,P007,2026-01-10 16:00:00,2026-01-10 18:00:00,111
PR000479,M009,P005,2026-01-10 17:00:00,2026-01-10 18:00:00,636
PR000480,M009,P007,2026-01-10 08:00:00,2026-01-10 10:00:00,246
PR000481,M010,P005,2026-01-10 13:00:00,2026-01-10 14:00:00,730
PR000482,M010,P004,2026-01-10 12:00:00,2026-01-10 16:00:00,406
PR000483,M011,P008,2026-01-10 08:00:00,2026-01-10 10:00:00,648
PR000484,M011,P003,2026-01-10 13:00:00,2026-01-10 14:00:00,158
PR000485,M011,P003,2026-01-10 17:00:00,2026-01-10 19:00:00,854
PR000486,M012,P001,2026-01-10 06:00:00,2026-01-10 09:00:00,431
PR000487,M012,P002,2026-01-10 19:00:00,2026-01-10 20:00:00,258
PR000488,M012,P005,2026-01-10 18:00:00,2026-01-10 22:00:00,503
PR000489,M013,P002,2026-01-10 09:00:00,2026-01-10 13:00:00,251
PR000490,M013,P001,2026-01-10 06:00:00,2026-01-10 09:00:00,707
PR000491,M013,P002,2026-01-10 09:00:00,2026-01-10 11:00:00,216
PR000492,M014,P007,2026-01-10 07:00:00,2026-01-10 11:00:00,873
PR000493,M014,P002,2026-01-10 15:00:00,2026-01-10 18:00:00,470
PR000494,M014,P003,2026-01-10 11:00:00,2026-01-10 12:00:00,367
PR000495,M015,P008,2026-01-10 06:00:00,2026-01-10 09:00:00,893
PR000496,M015,P007,2026-01-10 09:00:00,2026-01-10 13:00:00,577
PR000497,M016,P005,2026-01-10 19:00:00,2026-01-10 21:00:00,474
PR000498,M016,P006,2026-01-10 10:00:00,2026-01-10 12:00:00,652
PR000499,M016,P007,2026-01-10 11:00:00,2026-01-10 15:00:00,480
PR000500,M017,P007,2026-01-10 14:00:00,2026-01-10 18:00:00,229
PR000501,M017,P001,2026-01-10 11:00:00,2026-01-10 12:00:00,990
PR000502,M017,P003,2026-01-10 14:00:00,2026-01-10 18:00:00,165
PR000503,M017,P008,2026-01-10 10:00:00,2026-01-10 11:00:00,548
PR000504,M018,P003,2026-01-10 12:00:00,2026-01-10 15:00:00,386
PR000505,M018,P006,2026-01-10 15:00:00,2026-01-10 18:00:00,729
PR000506,M019,P001,2026-01-10 15:00:00,2026-01-10 19:00:00,961
PR000507,M019,P008,2026-01-10 06:00:00,2026-01-10 07:00:00,375
PR000508,M020,P004,2026-01-10 14:00:00,2026-01-10 18:00:00,985
PR000509,M020,P005,2026-01-10 17:00:00,2026-01-10 18:00:00,206
PR000510,M001,P004,2026-01-11 06:00:00,2026-01-11 07:00:00,731
PR000511,M001,P007,2026-01-11 13:00:00,2026-01-11 17:00:00,466
PR000512,M002,P006,2026-01-11 18:00:00,2026-01-11 22:00:00,981
PR000513,M002,P005,2026-01-11 07:00:00,2026-01-11 08:00:00,610
PR000514,M002,P001,2026-01-11 09:00:00,2026-01-11 11:00:00,896
PR000515,M002,P005,2026-01-11 12:00:00,2026-01-11 15:00:00,297
PR000516,M003,P006,2026-01-11 06:00:00,2026-01-11 07:00:00,790
PR000517,M003,P005,2026-01-11 17:00:00,2026-01-11 19:00:00,375
PR000518,M004,P002,2026-01-11 16:00:00,2026-01-11 18:00:00,316
PR000519,M004,P007,2026-01-11 18:00:00,2026-01-11 19:00:00,138
PR000520,M004,P002,2026-01-11 13:00:00,2026-01-11 16:00:00,526
PR000521,M004,P004,2026-01-11 12:00:00,2026-01-11 16:00:00,393
PR000522,M008,P001,2026-01-11 13:00:00,2026-01-11 15:00:00,440
PR000523,M008,P008,2026-01-11 12:00:00,2026-01-11 16:00:00,768
PR000524,M008,P006,2026-01-11 11:00:00,2026-01-11 12:00:00,594
PR000525,M008,P007,2026-01-11 07:00:00,2026-01-11 08:00:00,410
PR000526,M009,P002,2026-01-11 19:00:00,2026-01-11 21:00:00,244
PR000527,M009,P001,2026-01-11 13:00:00,2026-01-11 16:00:00,843
PR000528,M009,P001,2026-01-11 17:00:00,2026-01-11 20:00:00,939
PR000529,M010,P008,2026-01-11 06:00:00,2026-01-11 09:00:00,386
PR000530,M010,P005,2026-01-11 19:00:00,2026-01-11 20:00:00,403
PR000531,M011,P006,2026-01-11 17:00:00,2026-01-11 19:00:00,803
PR000532,M011,P001,2026-01-11 14:00:00,2026-01-11 15:00:00,780
PR000533,M011,P005,2026-01-11 18:00:00,2026-01-11 19:00:00,856
PR000534,M012,P006,2026-01-11 09:00:00,2026-01-11 11:00:00,480
PR000535,M012,P003,2026-01-11 19:00:00,2026-01-11 23:00:00,713
PR000536,M012,P005,2026-01-11 11:00:00,2026-01-11 13:00:00,693
PR000537,M012,P005,2026-01-11 14:00:00,2026-01-11 17:00:00,950
PR000538,M013,P005,2026-01-11 11:00:00,2026-01-11 14:00:00,700
PR000539,M013,P007,2026-01-11 06:00:00,2026-01-11 10:00:00,810
PR000540,M013,P005,2026-01-11 10:00:00,2026-01-11 13:00:00,927
PR000541,M014,P002,2026-01-11 06:00:00,2026-01-11 09:00:00,201
PR000542,M014,P006,2026-01-11 16:00:00,2026-01-11 19:00:00,721
PR000543,M015,P002,2026-01-11 14:00:00,2026-01-11 17:00:00,184
PR000544,M015,P006,2026-01-11 13:00:00,2026-01-11 17:00:00,549
PR000545,M015,P002,2026-01-11 17:00:00,2026-01-11 18:00:00,320
PR000546,M018,P003,2026-01-11 17:00:00,2026-01-11 21:00:00,882
PR000547,M018,P002,2026-01-11 12:00:00,2026-01-11 14:00:00,913
PR000548,M018,P005,2026-01-11 17:00:00,2026-01-11 20:00:00,526
PR000549,M018,P007,2026-01-11 10:00:00,2026-01-11 13:00:00,718
PR000550,M019,P004,2026-01-11 17:00:00,2026-01-11 20:00:00,892
PR000551,M019,P004,2026-01-11 16:00:00,2026-01-11 19:00:00,882
PR000552,M020,P005,2026-01-11 08:00:00,2026-01-11 10:00:00,433
PR000553,M020,P004,2026-01-11 09:00:00,2026-01-11 13:00:00,472
PR000554,M020,P007,2026-01-11 19:00:00,2026-01-11 22:00:00,768
PR000555,M001,P002,2026-01-12 09:00:00,2026-01-12 11:00:00,757
PR000556,M001,P002,2026-01-12 06:00:00,2026-01-12 07:00:00,743
PR000557,M001,P007,2026-01-12 14:00:00,2026-01-12 16:00:00,558
PR000558,M002,P007,2026-01-12 12:00:00,2026-01-12 13:00:00,258
PR000559,M002,P002,2026-01-12 13:00:00,2026-01-12 14:00:00,544
PR000560,M002,P004,2026-01-12 13:00:00,2026-01-12 17:00:00,183
PR000561,M004,P005,2026-01-12 15:00:00,2026-01-12 18:00:00,990
PR000562,M004,P005,2026-01-12 12:00:00,2026-01-12 14:00:00,217
PR000563,M005,P002,2026-01-12 15:00:00,2026-01-12 16:00:00,882
PR000564,M005,P005,2026-01-12 13:00:00,2026-01-12 15:00:00,732
PR000565,M006,P004,2026-01-12 15:00:00,2026-01-12 18:00:00,392
PR000566,M006,P004,2026-01-12 07:00:00,2026-01-12 11:00:00,630
PR000567,M007,P002,2026-01-12 14:00:00,2026-01-12 16:00:00,775
PR000568,M007,P005,2026-01-12 06:00:00,2026-01-12 09:00:00,341
PR000569,M007,P002,2026-01-12 06:00:00,2026-01-12 09:00:00,207
PR000570,M008,P005,2026-01-12 06:00:00,2026-01-12 08:00:00,531
PR000571,M008,P008,2026-01-12 08:00:00,2026-01-12 12:00:00,554
PR000572,M009,P001,2026-01-12 19:00:00,2026-01-12 20:00:00,608
PR000573,M009,P008,2026-01-12 19:00:00,2026-01-12 20:00:00,869
PR000574,M011,P007,2026-01-12 15:00:00,2026-01-12 17:00:00,736
PR000575,M011,P007,2026-01-12 14:00:00,2026-01-12 15:00:00,558
PR000576,M011,P003,2026-01-12 13:00:00,2026-01-12 17:00:00,401
PR000577,M011,P002,2026-01-12 09:00:00,2026-01-12 11:00:00,201
PR000578,M012,P005,2026-01-12 19:00:00,2026-01-12 23:00:00,843
PR000579,M012,P001,2026-01-12 06:00:00,2026-01-12 10:00:00,998
PR000580,M013,P005,2026-01-12 11:00:00,2026-01-12 12:00:00,807
PR000581,M013,P004,2026-01-12 06:00:00,2026-01-12 10:00:00,741
PR000582,M013,P008,2026-01-12 10:00:00,2026-01-12 14:00:00,638
PR000583,M013,P008,2026-01-12 10:00:00,2026-01-12 14:00:00,329
PR000584,M014,P003,2026-01-12 17:00:00,2026-01-12 18:00:00,157
PR000585,M014,P007,2026-01-12 11:00:00,2026-01-12 13:00:00,229
PR000586,M014,P001,2026-01-12 17:00:00,2026-01-12 19:00:00,713
PR000587,M015,P006,2026-01-12 19:00:00,2026-01-12 23:00:00,363
PR000588,M015,P005,2026-01-12 17:00:00,2026-01-12 19:00:00,647
PR000589,M015,P007,2026-01-12 18:00:00,2026-01-12 19:00:00,386
PR000590,M015,P002,2026-01-12 14:00:00,2026-01-12 17:00:00,307
PR000591,M017,P008,2026-01-12 17:00:00,2026-01-12 21:00:00,614
PR000592,M017,P004,2026-01-12 19:00:00,2026-01-12 20:00:00,378
PR000593,M018,P008,2026-01-12 10:00:00,2026-01-12 14:00:00,971
PR000594,M018,P006,2026-01-12 17:00:00,2026-01-12 18:00:00,732
PR000595,M018,P002,2026-01-12 10:00:00,2026-01-12 14:00:00,505
PR000596,M019,P006,2026-01-12 10:00:00,2026-01-12 14:00:00,559
PR000597,M019,P006,2026-01-12 09:00:00,2026-01-12 11:00:00,608
PR000598,M001,P002,2026-01-13 07:00:00,2026-01-13 08:00:00,440
PR000599,M001,P003,2026-01-13 16:00:00,2026-01-13 17:00:00,548
PR000600,M002,P002,2026-01-13 12:00:00,2026-01-13 14:00:00,295
PR000601,M002,P006,2026-01-13 12:00:00,2026-01-13 14:00:00,518
PR000602,M002,P004,2026-01-13 16:00:00,2026-01-13 19:00:00,441
PR000603,M003,P002,2026-01-13 17:00:00,2026-01-13 20:00:00,660
PR000604,M003,P003,2026-01-13 11:00:00,2026-01-13 13:00:00,528
PR000605,M003,P006,2026-01-13 19:00:00,2026-01-13 23:00:00,769
PR000606,M004,P007,2026-01-13 09:00:00,2026-01-13 11:00:00,172
PR000607,M004,P003,2026-01-13 10:00:00,2026-01-13 13:00:00,677
PR000608,M004,P006,2026-01-13 07:00:00,2026-01-13 10:00:00,565
PR000609,M004,P002,2026-01-13 09:00:00,2026-01-13 11:00:00,867
PR000610,M005,P004,2026-01-13 18:00:00,2026-01-13 20:00:00,388
PR000611,M005,P008,2026-01-13 19:00:00,2026-01-13 20:00:00,209
PR000612,M006,P001,2026-01-13 09:00:00,2026-01-13 12:00:00,582
PR000613,M006,P005,2026-01-13 11:00:00,2026-01-13 12:00:00,752
PR000614,M008,P008,2026-01-13 09:00:00,2026-01-13 10:00:00,111
PR000615,M008,P006,2026-01-13 17:00:00,2026-01-13 18:00:00,642
PR000616,M009,P008,2026-01-13 17:00:00,2026-01-13 20:00:00,489
PR000617,M009,P002,2026-01-13 18:00:00,2026-01-13 21:00:00,353
PR000618,M010,P002,2026-01-13 08:00:00,2026-01-13 09:00:00,566
PR000619,M010,P006,2026-01-13 15:00:00,2026-01-13 16:00:00,741
PR000620,M010,P007,2026-01-13 16:00:00,2026-01-13 18:00:00,352
PR000621,M010,P007,2026-01-13 13:00:00,2026-01-13 16:00:00,556
PR000622,M011,P006,2026-01-13 10:00:00,2026-01-13 11:00:00,255
PR000623,M011,P008,2026-01-13 19:00:00,2026-01-13 22:00:00,362
PR000624,M011,P004,2026-01-13 17:00:00,2026-01-13 18:00:00,359
PR000625,M011,P005,2026-01-13 12:00:00,2026-01-13 16:00:00,884
PR000626,M012,P006,2026-01-13 09:00:00,2026-01-13 13:00:00,223
PR000627,M012,P005,2026-01-13 12:00:00,2026-01-13 14:00:00,162
PR000628,M013,P003,2026-01-13 18:00:00,2026-01-13 21:00:00,618
PR000629,M013,P007,2026-01-13 17:00:00,2026-01-13 19:00:00,625
PR000630,M013,P005,2026-01-13 10:00:00,2026-01-13 11:00:00,697
PR000631,M015,P007,2026-01-13 10:00:00,2026-01-13 12:00:00,841
PR000632,M015,P002,2026-01-13 10:00:00,2026-01-13 12:00:00,570
PR000633,M015,P005,2026-01-13 13:00:00,2026-01-13 16:00:00,164
PR000634,M015,P005,2026-01-13 10:00:00,2026-01-13 12:00:00,341
PR000635,M016,P004,2026-01-13 10:00:00,2026-01-13 11:00:00,771
PR000636,M016,P004,2026-01-13 06:00:00,2026-01-13 09:00:00,596
PR000637,M016,P008,2026-01-13 16:00:00,2026-01-13 19:00:00,407
PR000638,M018,P002,2026-01-13 09:00:00,2026-01-13 13:00:00,863
PR000639,M018,P005,2026-01-13 13:00:00,2026-01-13 16:00:00,844
PR000640,M018,P002,2026-01-13 09:00:00,2026-01-13 10:00:00,521
PR000641,M019,P001,2026-01-13 06:00:00,2026-01-13 07:00:00,291
PR000642,M019,P001,2026-01-13 13:00:00,2026-01-13 14:00:00,524
PR000643,M020,P002,2026-01-13 06:00:00,2026-01-13 08:00:00,341
PR000644,M020,P004,2026-01-13 17:00:00,2026-01-13 21:00:00,888
PR000645,M001,P008,2026-01-14 13:00:00,2026-01-14 16:00:00,825
PR000646,M001,P008,2026-01-14 06:00:00,2026-01-14 09:00:00,954
PR000647,M001,P008,2026-01-14 18:00:00,2026-01-14 21:00:00,680
PR000648,M002,P008,2026-01-14 10:00:00,2026-01-14 14:00:00,944
PR000649,M002,P001,2026-01-14 14:00:00,2026-01-14 17:00:00,142
PR000650,M002,P003,2026-01-14 18:00:00,2026-01-14 21:00:00,507
PR000651,M002,P004,2026-01-14 13:00:00,2026-01-14 14:00:00,744
PR000652,M003,P004,2026-01-14 19:00:00,2026-01-14 23:00:00,750
PR000653,M003,P004,2026-01-14 08:00:00,2026-01-14 11:00:00,598
PR000654,M003,P005,2026-01-14 08:00:00,2026-01-14 11:00:00,541
PR000655,M004,P006,2026-01-14 13:00:00,2026-01-14 17:00:00,237
PR000656,M004,P008,2026-01-14 17:00:00,2026-01-14 18:00:00,322
PR000657,M004,P002,2026-01-14 13:00:00,2026-01-14 14:00:00,428
PR000658,M005,P004,2026-01-14 06:00:00,2026-01-14 10:00:00,481
PR000659,M005,P001,2026-01-14 19:00:00,2026-01-14 20:00:00,268
PR000660,M005,P007,2026-01-14 15:00:00,2026-01-14 18:00:00,289
PR000661,M005,P004,2026-01-14 07:00:00,2026-01-14 09:00:00,248
PR000662,M006,P008,2026-01-14 11:00:00,2026-01-14 12:00:00,792
PR000663,M006,P002,2026-01-14 17:00:00,2026-01-14 19:00:00,622
PR000664,M006,P007,2026-01-14 06:00:00,2026-01-14 10:00:00,501
PR000665,M008,P006,2026-01-14 17:00:00,2026-01-14 19:00:00,725
PR000666,M008,P004,2026-01-14 09:00:00,2026-01-14 11:00:00,824
PR000667,M008,P008,2026-01-14 08:00:00,2026-01-14 10:00:00,212
PR000668,M009,P001,2026-01-14 19:00:00,2026-01-14 22:00:00,138
PR000669,M009,P005,2026-01-14 17:00:00,2026-01-14 18:00:00,629
PR000670,M009,P006,2026-01-14 18:00:00,2026-01-14 20:00:00,760
PR000671,M010,P008,2026-01-14 12:00:00,2026-01-14 15:00:00,335
PR000672,M010,P006,2026-01-14 16:00:00,2026-01-14 20:00:00,697
PR000673,M010,P004,2026-01-14 16:00:00,2026-01-14 17:00:00,633
PR000674,M012,P003,2026-01-14 10:00:00,2026-01-14 13:00:00,535
PR000675,M012,P003,2026-01-14 07:00:00,2026-01-14 10:00:00,562
PR000676,M013,P005,2026-01-14 11:00:00,2026-01-14 14:00:00,520
PR000677,M013,P007,2026-01-14 06:00:00,2026-01-14 10:00:00,614
PR000678,M015,P001,2026-01-14 12:00:00,2026-01-14 16:00:00,466
PR000679,M015,P002,2026-01-14 10:00:00,2026-01-14 13:00:00,235
PR000680,M015,P001,2026-01-14 15:00:00,2026-01-14 19:00:00,683
PR000681,M016,P003,2026-01-14 06:00:00,2026-01-14 10:00:00,203
PR000682,M016,P001,2026-01-14 15:00:00,2026-01-14 17:00:00,590
PR000683,M016,P006,2026-01-14 15:00:00,2026-01-14 16:00:00,995
PR000684,M016,P001,2026-01-14 12:00:00,2026-01-14 15:00:00,165
PR000685,M017,P002,2026-01-14 09:00:00,2026-01-14 13:00:00,697
PR000686,M017,P004,2026-01-14 15:00:00,2026-01-14 17:00:00,665
PR000687,M018,P001,2026-01-14 14:00:00,2026-01-14 16:00:00,536
PR000688,M018,P007,2026-01-14 09:00:00,2026-01-14 12:00:00,854
PR000689,M018,P003,2026-01-14 12:00:00,2026-01-14 14:00:00,923
PR000690,M019,P002,2026-01-14 18:00:00,2026-01-14 22:00:00,119
PR000691,M019,P002,2026-01-14 13:00:00,2026-01-14 15:00:00,326
PR000692,M019,P006,2026-01-14 10:00:00,2026-01-14 12:00:00,568
PR000693,M019,P002,2026-01-14 13:00:00,2026-01-14 16:00:00,504
PR000694,M020,P007,2026-01-14 18:00:00,2026-01-14 22:00:00,372
PR000695,M020,P006,2026-01-14 12:00:00,2026-01-14 16:00:00,320
PR000696,M001,P004,2026-01-15 15:00:00,2026-01-15 18:00:00,599
PR000697,M001,P002,2026-01-15 13:00:00,2026-01-15 15:00:00,635
PR000698,M002,P007,2026-01-15 17:00:00,2026-01-15 21:00:00,916
PR000699,M002,P008,2026-01-15 19:00:00,2026-01-15 22:00:00,505
PR000700,M002,P002,2026-01-15 18:00:00,2026-01-15 22:00:00,641
PR000701,M002,P008,2026-01-15 11:00:00,2026-01-15 12:00:00,967
PR000702,M003,P001,2026-01-15 09:00:00,2026-01-15 11:00:00,282
PR000703,M003,P007,2026-01-15 12:00:00,2026-01-15 13:00:00,245
PR000704,M004,P003,2026-01-15 17:00:00,2026-01-15 20:00:00,402
PR000705,M004,P005,2026-01-15 14:00:00,2026-01-15 18:00:00,217
PR000706,M004,P004,2026-01-15 06:00:00,2026-01-15 07:00:00,297
PR000707,M004,P003,2026-01-15 09:00:00,2026-01-15 13:00:00,146
PR000708,M005,P007,2026-01-15 19:00:00,2026-01-15 23:00:00,174
PR000709,M005,P005,2026-01-15 14:00:00,2026-01-15 16:00:00,499
PR000710,M005,P002,2026-01-15 14:00:00,2026-01-15 18:00:00,672
PR000711,M005,P001,2026-01-15 07:00:00,2026-01-15 10:00:00,718
PR000712,M006,P003,2026-01-15 18:00:00,2026-01-15 20:00:00,948
PR000713,M006,P003,2026-01-15 18:00:00,2026-01-15 21:00:00,856
PR000714,M006,P002,2026-01-15 15:00:00,2026-01-15 18:00:00,401
PR000715,M007,P005,2026-01-15 10:00:00,2026-01-15 14:00:00,148
PR000716,M007,P004,2026-01-15 15:00:00,2026-01-15 19:00:00,360
PR000717,M010,P001,2026-01-15 08:00:00,2026-01-15 09:00:00,891
PR000718,M010,P006,2026-01-15 09:00:00,2026-01-15 11:00:00,908
PR000719,M010,P004,2026-01-15 19:00:00,2026-01-15 23:00:00,463
PR000720,M011,P004,2026-01-15 09:00:00,2026-01-15 10:00:00,507
PR000721,M011,P004,2026-01-15 15:00:00,2026-01-15 17:00:00,441
PR000722,M012,P002,2026-01-15 17:00:00,2026-01-15 19:00:00,731
PR000723,M012,P001,2026-01-15 11:00:00,2026-01-15 14:00:00,717
PR000724,M012,P001,2026-01-15 18:00:00,2026-01-15 20:00:00,655
PR000725,M012,P003,2026-01-15 18:00:00,2026-01-15 22:00:00,795
PR000726,M014,P001,2026-01-15 10:00:00,2026-01-15 14:00:00,789
PR000727,M014,P007,2026-01-15 16:00:00,2026-01-15 19:00:00,169
PR000728,M015,P008,2026-01-15 09:00:00,2026-01-15 13:00:00,754
PR000729,M015,P002,2026-01-15 12:00:00,2026-01-15 13:00:00,525
PR000730,M015,P006,2026-01-15 17:00:00,2026-01-15 21:00:00,995
PR000731,M015,P005,2026-01-15 14:00:00,2026-01-15 15:00:00,413
PR000732,M016,P003,2026-01-15 12:00:00,2026-01-15 14:00:00,404
PR000733,M016,P008,2026-01-15 08:00:00,2026-01-15 09:00:00,952
PR000734,M016,P001,2026-01-15 17:00:00,2026-01-15 18:00:00,544
PR000735,M016,P004,2026-01-15 06:00:00,2026-01-15 08:00:00,728
PR000736,M017,P001,2026-01-15 12:00:00,2026-01-15 14:00:00,388
PR000737,M017,P002,2026-01-15 13:00:00,2026-01-15 14:00:00,672
PR000738,M018,P001,2026-01-15 14:00:00,2026-01-15 17:00:00,697
PR000739,M018,P006,2026-01-15 06:00:00,2026-01-15 08:00:00,593
PR000740,M018,P005,2026-01-15 07:00:00,2026-01-15 08:00:00,941
PR000741,M018,P008,2026-01-15 10:00:00,2026-01-15 12:00:00,121
PR000742,M019,P003,2026-01-15 07:00:00,2026-01-15 11:00:00,979
PR000743,M019,P004,2026-01-15 18:00:00,2026-01-15 21:00:00,185
PR000744,M019,P004,2026-01-15 13:00:00,2026-01-15 16:00:00,393
PR000745,M020,P008,2026-01-15 08:00:00,2026-01-15 11:00:00,660
PR000746,M020,P002,2026-01-15 12:00:00,2026-01-15 13:00:00,631
PR000747,M020,P006,2026-01-15 09:00:00,2026-01-15 11:00:00,983
PR000748,M020,P007,2026-01-15 13:00:00,2026-01-15 17:00:00,312
PR000749,M001,P002,2026-01-16 16:00:00,2026-01-16 17:00:00,779
PR000750,M001,P007,2026-01-16 17:00:00,2026-01-16 19:00:00,980
PR000751,M001,P006,2026-01-16 07:00:00,2026-01-16 08:00:00,859
PR000752,M002,P006,2026-01-16 15:00:00,2026-01-16 19:00:00,326
PR000753,M002,P001,2026-01-16 12:00:00,2026-01-16 16:00:00,890
PR000754,M003,P003,2026-01-16 08:00:00,2026-01-16 09:00:00,406
PR000755,M003,P008,2026-01-16 13:00:00,2026-01-16 17:00:00,685
PR000756,M003,P001,2026-01-16 13:00:00,2026-01-16 17:00:00,575
PR000757,M003,P008,2026-01-16 09:00:00,2026-01-16 10:00:00,696
PR000758,M004,P002,2026-01-16 19:00:00,2026-01-16 23:00:00,309
PR000759,M004,P004,2026-01-16 17:00:00,2026-01-16 21:00:00,553
PR000760,M004,P003,2026-01-16 07:00:00,2026-01-16 10:00:00,947
PR000761,M004,P002,2026-01-16 18:00:00,2026-01-16 21:00:00,382
PR000762,M005,P007,2026-01-16 06:00:00,2026-01-16 10:00:00,228
PR000763,M005,P008,2026-01-16 13:00:00,2026-01-16 14:00:00,991
PR000764,M005,P006,2026-01-16 16:00:00,2026-01-16 17:00:00,359
PR000765,M006,P004,2026-01-16 08:00:00,2026-01-16 12:00:00,748
PR000766,M006,P008,2026-01-16 16:00:00,2026-01-16 18:00:00,986
PR000767,M006,P007,2026-01-16 06:00:00,2026-01-16 09:00:00,208
PR000768,M008,P002,2026-01-16 09:00:00,2026-01-16 13:00:00,201
PR000769,M008,P003,2026-01-16 16:00:00,2026-01-16 19:00:00,739
PR000770,M008,P001,2026-01-16 10:00:00,2026-01-16 11:00:00,230
PR000771,M010,P003,2026-01-16 19:00:00,2026-01-16 21:00:00,744
PR000772,M010,P001,2026-01-16 18:00:00,2026-01-16 22:00:00,576
PR000773,M010,P006,2026-01-16 09:00:00,2026-01-16 11:00:00,533
PR000774,M011,P004,2026-01-16 16:00:00,2026-01-16 18:00:00,463
PR000775,M011,P002,2026-01-16 14:00:00,2026-01-16 15:00:00,827
PR000776,M012,P004,2026-01-16 15:00:00,2026-01-16 19:00:00,376
PR000777,M012,P001,2026-01-16 13:00:00,2026-01-16 15:00:00,289
PR000778,M012,P002,2026-01-16 10:00:00,2026-01-16 13:00:00,791
PR000779,M013,P001,2026-01-16 07:00:00,2026-01-16 09:00:00,174
PR000780,M013,P006,2026-01-16 12:00:00,2026-01-16 16:00:00,995
PR000781,M013,P003,2026-01-16 06:00:00,2026-01-16 07:00:00,719
PR000782,M013,P003,2026-01-16 19:00:00,2026-01-16 22:00:00,958
PR000783,M015,P004,2026-01-16 07:00:00,2026-01-16 10:00:00,347
PR000784,M015,P004,2026-01-16 12:00:00,2026-01-16 14:00:00,300
PR000785,M015,P007,2026-01-16 17:00:00,2026-01-16 18:00:00,858
PR000786,M017,P007,2026-01-16 14:00:00,2026-01-16 17:00:00,905
PR000787,M017,P005,2026-01-16 10:00:00,2026-01-16 13:00:00,412
PR000788,M017,P004,2026-01-16 10:00:00,2026-01-16 12:00:00,753
PR000789,M018,P005,2026-01-16 14:00:00,2026-01-16 17:00:00,863
PR000790,M018,P006,2026-01-16 07:00:00,2026-01-16 10:00:00,836
PR000791,M018,P003,2026-01-16 16:00:00,2026-01-16 19:00:00,506
PR000792,M018,P006,2026-01-16 16:00:00,2026-01-16 18:00:00,987
PR000793,M019,P003,2026-01-16 13:00:00,2026-01-16 15:00:00,646
PR000794,M019,P003,2026-01-16 19:00:00,2026-01-16 22:00:00,945
PR000795,M020,P002,2026-01-16 13:00:00,2026-01-16 17:00:00,369
PR000796,M020,P008,2026-01-16 11:00:00,2026-01-16 14:00:00,761
PR000797,M001,P003,2026-01-17 08:00:00,2026-01-17 11:00:00,525
PR000798,M001,P007,2026-01-17 14:00:00,2026-01-17 18:00:00,272
PR000799,M001,P003,2026-01-17 19:00:00,2026-01-17 22:00:00,172
PR000800,M002,P008,2026-01-17 17:00:00,2026-01-17 20:00:00,497
PR000801,M002,P004,2026-01-17 11:00:00,2026-01-17 12:00:00,928
PR000802,M004,P006,2026-01-17 13:00:00,2026-01-17 17:00:00,188
PR000803,M004,P001,2026-01-17 16:00:00,2026-01-17 17:00:00,838
PR000804,M005,P004,2026-01-17 14:00:00,2026-01-17 18:00:00,167
PR000805,M005,P005,2026-01-17 13:00:00,2026-01-17 15:00:00,972
PR000806,M005,P007,2026-01-17 19:00:00,2026-01-17 21:00:00,731
PR000807,M006,P006,2026-01-17 19:00:00,2026-01-17 20:00:00,531
PR000808,M006,P008,2026-01-17 17:00:00,2026-01-17 20:00:00,878
PR000809,M007,P004,2026-01-17 10:00:00,2026-01-17 11:00:00,403
PR000810,M007,P001,2026-01-17 10:00:00,2026-01-17 13:00:00,783
PR000811,M008,P003,2026-01-17 18:00:00,2026-01-17 19:00:00,423
PR000812,M008,P008,2026-01-17 06:00:00,2026-01-17 08:00:00,827
PR000813,M009,P004,2026-01-17 12:00:00,2026-01-17 15:00:00,523
PR000814,M009,P007,2026-01-17 11:00:00,2026-01-17 15:00:00,273
PR000815,M011,P003,2026-01-17 11:00:00,2026-01-17 15:00:00,632
PR000816,M011,P005,2026-01-17 11:00:00,2026-01-17 15:00:00,604
PR000817,M012,P004,2026-01-17 12:00:00,2026-01-17 16:00:00,639
PR000818,M012,P006,2026-01-17 11:00:00,2026-01-17 15:00:00,678
PR000819,M012,P003,2026-01-17 17:00:00,2026-01-17 19:00:00,261
PR000820,M012,P008,2026-01-17 12:00:00,2026-01-17 13:00:00,868
PR000821,M013,P001,2026-01-17 11:00:00,2026-01-17 12:00:00,821
PR000822,M013,P002,2026-01-17 18:00:00,2026-01-17 22:00:00,361
PR000823,M013,P004,2026-01-17 16:00:00,2026-01-17 20:00:00,566
PR000824,M014,P003,2026-01-17 18:00:00,2026-01-17 19:00:00,852
PR000825,M014,P008,2026-01-17 13:00:00,2026-01-17 15:00:00,390
PR000826,M015,P006,2026-01-17 18:00:00,2026-01-17 19:00:00,148
PR000827,M015,P003,2026-01-17 06:00:00,2026-01-17 08:00:00,235
PR000828,M016,P005,2026-01-17 15:00:00,2026-01-17 18:00:00,440
PR000829,M016,P002,2026-01-17 06:00:00,2026-01-17 10:00:00,417
PR000830,M017,P005,2026-01-17 14:00:00,2026-01-17 15:00:00,443
PR000831,M017,P008,2026-01-17 06:00:00,2026-01-17 07:00:00,628
PR000832,M017,P007,2026-01-17 10:00:00,2026-01-17 13:00:00,670
PR000833,M018,P006,2026-01-17 18:00:00,2026-01-17 22:00:00,878
PR000834,M018,P007,2026-01-17 08:00:00,2026-01-17 11:00:00,432
PR000835,M018,P008,2026-01-17 19:00:00,2026-01-17 20:00:00,100
PR000836,M018,P008,2026-01-17 17:00:00,2026-01-17 20:00:00,431
PR000837,M019,P008,2026-01-17 18:00:00,2026-01-17 22:00:00,544
PR000838,M019,P007,2026-01-17 06:00:00,2026-01-17 07:00:00,701
PR000839,M020,P006,2026-01-17 13:00:00,2026-01-17 14:00:00,958
PR000840,M020,P007,2026-01-17 12:00:00,2026-01-17 14:00:00,530
PR000841,M002,P007,2026-01-18 07:00:00,2026-01-18 11:00:00,772
PR000842,M002,P003,2026-01-18 09:00:00,2026-01-18 11:00:00,584
PR000843,M002,P001,2026-01-18 17:00:00,2026-01-18 21:00:00,183
PR000844,M005,P001,2026-01-18 07:00:00,2026-01-18 10:00:00,896
PR000845,M005,P003,2026-01-18 15:00:00,2026-01-18 17:00:00,918
PR000846,M005,P003,2026-01-18 18:00:00,2026-01-18 20:00:00,309
PR000847,M005,P007,2026-01-18 11:00:00,2026-01-18 12:00:00,476
PR000848,M006,P005,2026-01-18 16:00:00,2026-01-18 17:00:00,613
PR000849,M006,P008,2026-01-18 11:00:00,2026-01-18 14:00:00,449
PR000850,M006,P003,2026-01-18 07:00:00,2026-01-18 08:00:00,367
PR000851,M007,P005,2026-01-18 18:00:00,2026-01-18 21:00:00,456
PR000852,M007,P007,2026-01-18 19:00:00,2026-01-18 20:00:00,226
PR000853,M007,P001,2026-01-18 14:00:00,2026-01-18 17:00:00,507
PR000854,M007,P006,2026-01-18 11:00:00,2026-01-18 15:00:00,376
PR000855,M008,P005,2026-01-18 18:00:00,2026-01-18 21:00:00,172
PR000856,M008,P004,2026-01-18 11:00:00,2026-01-18 13:00:00,129
PR000857,M008,P003,2026-01-18 17:00:00,2026-01-18 19:00:00,899
PR000858,M008,P007,2026-01-18 08:00:00,2026-01-18 12:00:00,271
PR000859,M009,P008,2026-01-18 13:00:00,2026-01-18 16:00:00,659
PR000860,M009,P006,2026-01-18 15:00:00,2026-01-18 18:00:00,924
PR000861,M009,P002,2026-01-18 09:00:00,2026-01-18 13:00:00,778
PR000862,M009,P004,2026-01-18 13:00:00,2026-01-18 17:00:00,106
PR000863,M011,P002,2026-01-18 09:00:00,2026-01-18 12:00:00,768
PR000864,M011,P003,2026-01-18 17:00:00,2026-01-18 19:00:00,518
PR000865,M011,P001,2026-01-18 16:00:00,2026-01-18 18:00:00,494
PR000866,M011,P005,2026-01-18 06:00:00,2026-01-18 08:00:00,675
PR000867,M012,P001,2026-01-18 06:00:00,2026-01-18 09:00:00,487
PR000868,M012,P006,2026-01-18 18:00:00,2026-01-18 20:00:00,936
PR000869,M012,P003,2026-01-18 13:00:00,2026-01-18 17:00:00,542
PR000870,M013,P008,2026-01-18 16:00:00,2026-01-18 18:00:00,462
PR000871,M013,P002,2026-01-18 16:00:00,2026-01-18 18:00:00,662
PR000872,M013,P007,2026-01-18 11:00:00,2026-01-18 14:00:00,224
PR000873,M014,P005,2026-01-18 10:00:00,2026-01-18 12:00:00,224
PR000874,M014,P003,2026-01-18 15:00:00,2026-01-18 19:00:00,968
PR000875,M014,P002,2026-01-18 12:00:00,2026-01-18 14:00:00,807
PR000876,M015,P007,2026-01-18 18:00:00,2026-01-18 19:00:00,158
PR000877,M015,P008,2026-01-18 19:00:00,2026-01-18 23:00:00,208
PR000878,M016,P005,2026-01-18 10:00:00,2026-01-18 11:00:00,404
PR000879,M016,P005,2026-01-18 07:00:00,2026-01-18 08:00:00,953
PR000880,M017,P008,2026-01-18 08:00:00,2026-01-18 10:00:00,453
PR000881,M017,P001,2026-01-18 18:00:00,2026-01-18 21:00:00,861
PR000882,M017,P004,2026-01-18 10:00:00,2026-01-18 12:00:00,482
PR000883,M017,P007,2026-01-18 10:00:00,2026-01-18 14:00:00,238
PR000884,M018,P005,2026-01-18 17:00:00,2026-01-18 20:00:00,379
PR000885,M018,P002,2026-01-18 08:00:00,2026-01-18 09:00:00,210
PR000886,M019,P004,2026-01-18 18:00:00,2026-01-18 19:00:00,198
PR000887,M019,P001,2026-01-18 07:00:00,2026-01-18 11:00:00,313
PR000888,M019,P005,2026-01-18 13:00:00,2026-01-18 15:00:00,886
PR000889,M019,P004,2026-01-18 12:00:00,2026-01-18 13:00:00,619
PR000890,M020,P007,2026-01-18 09:00:00,2026-01-18 11:00:00,758
PR000891,M020,P003,2026-01-18 16:00:00,2026-01-18 17:00:00,965
PR000892,M001,P006,2026-01-19 17:00:00,2026-01-19 19:00:00,760
PR000893,M001,P005,2026-01-19 16:00:00,2026-01-19 19:00:00,575
PR000894,M001,P001,2026-01-19 06:00:00,2026-01-19 10:00:00,119
PR000895,M001,P006,2026-01-19 19:00:00,2026-01-19 21:00:00,623
PR000896,M003,P006,2026-01-19 12:00:00,2026-01-19 14:00:00,327
PR000897,M003,P007,2026-01-19 16:00:00,2026-01-19 17:00:00,315
PR000898,M003,P001,2026-01-19 16:00:00,2026-01-19 19:00:00,803
PR000899,M004,P002,2026-01-19 08:00:00,2026-01-19 09:00:00,830
PR000900,M004,P007,2026-01-19 17:00:00,2026-01-19 20:00:00,786
PR000901,M005,P007,2026-01-19 18:00:00,2026-01-19 21:00:00,147
PR000902,M005,P005,2026-01-19 14:00:00,2026-01-19 18:00:00,215
PR000903,M005,P001,2026-01-19 06:00:00,2026-01-19 07:00:00,980
PR000904,M005,P006,2026-01-19 13:00:00,2026-01-19 16:00:00,674
PR000905,M006,P005,2026-01-19 18:00:00,2026-01-19 21:00:00,593
PR000906,M006,P008,2026-01-19 12:00:00,2026-01-19 16:00:00,213
PR000907,M007,P002,2026-01-19 16:00:00,2026-01-19 19:00:00,665
PR000908,M007,P005,2026-01-19 15:00:00,2026-01-19 19:00:00,225
PR000909,M007,P008,2026-01-19 17:00:00,2026-01-19 19:00:00,780
PR000910,M008,P003,2026-01-19 14:00:00,2026-01-19 16:00:00,402
PR000911,M008,P002,2026-01-19 08:00:00,2026-01-19 10:00:00,363
PR000912,M008,P006,2026-01-19 06:00:00,2026-01-19 10:00:00,426
PR000913,M010,P005,2026-01-19 10:00:00,2026-01-19 11:00:00,648
PR000914,M010,P008,2026-01-19 13:00:00,2026-01-19 17:00:00,287
PR000915,M011,P007,2026-01-19 09:00:00,2026-01-19 12:00:00,293
PR000916,M011,P002,2026-01-19 13:00:00,2026-01-19 16:00:00,364
PR000917,M013,P008,2026-01-19 11:00:00,2026-01-19 14:00:00,454
PR000918,M013,P005,2026-01-19 08:00:00,2026-01-19 10:00:00,287
PR000919,M013,P005,2026-01-19 18:00:00,2026-01-19 22:00:00,389
PR000920,M014,P008,2026-01-19 11:00:00,2026-01-19 15:00:00,165
PR000921,M014,P002,2026-01-19 06:00:00,2026-01-19 09:00:00,261
PR000922,M014,P004,2026-01-19 17:00:00,2026-01-19 21:00:00,457
PR000923,M014,P005,2026-01-19 07:00:00,2026-01-19 09:00:00,573
PR000924,M015,P003,2026-01-19 17:00:00,2026-01-19 19:00:00,394
PR000925,M015,P006,2026-01-19 13:00:00,2026-01-19 16:00:00,731
PR000926,M015,P005,2026-01-19 12:00:00,2026-01-19 15:00:00,729
PR000927,M015,P001,2026-01-19 12:00:00,2026-01-19 13:00:00,906
PR000928,M016,P003,2026-01-19 10:00:00,2026-01-19 11:00:00,632
PR000929,M016,P001,2026-01-19 10:00:00,2026-01-19 13:00:00,412
PR000930,M016,P007,2026-01-19 11:00:00,2026-01-19 14:00:00,436
PR000931,M017,P008,2026-01-19 15:00:00,2026-01-19 17:00:00,583
PR000932,M017,P008,2026-01-19 11:00:00,2026-01-19 15:00:00,759
PR000933,M017,P004,2026-01-19 07:00:00,2026-01-19 09:00:00,277
PR000934,M018,P006,2026-01-19 13:00:00,2026-01-19 16:00:00,121
PR000935,M018,P007,2026-01-19 09:00:00,2026-01-19 10:00:00,158
PR000936,M019,P008,2026-01-19 19:00:00,2026-01-19 21:00:00,949
PR000937,M019,P001,2026-01-19 07:00:00,2026-01-19 10:00:00,174
PR000938,M019,P001,2026-01-19 17:00:00,2026-01-19 18:00:00,690
PR000939,M019,P002,2026-01-19 06:00:00,2026-01-19 08:00:00,960
PR000940,M020,P008,2026-01-19 11:00:00,2026-01-19 12:00:00,442
PR000941,M020,P005,2026-01-19 07:00:00,2026-01-19 11:00:00,489
PR000942,M020,P005,2026-01-19 17:00:00,2026-01-19 18:00:00,931
PR000943,M001,P001,2026-01-20 06:00:00,2026-01-20 09:00:00,758
PR000944,M001,P004,2026-01-20 16:00:00,2026-01-20 18:00:00,527
PR000945,M002,P001,2026-01-20 08:00:00,2026-01-20 09:00:00,182
PR000946,M002,P004,2026-01-20 11:00:00,2026-01-20 15:00:00,667
PR000947,M002,P002,2026-01-20 08:00:00,2026-01-20 09:00:00,500
PR000948,M002,P003,2026-01-20 12:00:00,2026-01-20 14:00:00,927
PR000949,M003,P005,2026-01-20 15:00:00,2026-01-20 18:00:00,122
PR000950,M003,P005,2026-01-20 10:00:00,2026-01-20 13:00:00,112
PR000951,M003,P003,2026-01-20 06:00:00,2026-01-20 10:00:00,975
PR000952,M003,P001,2026-01-20 06:00:00,2026-01-20 10:00:00,530
PR000953,M004,P004,2026-01-20 09:00:00,2026-01-20 12:00:00,822
PR000954,M004,P006,2026-01-20 10:00:00,2026-01-20 12:00:00,200
PR000955,M005,P002,2026-01-20 08:00:00,2026-01-20 11:00:00,595
PR000956,M005,P001,2026-01-20 19:00:00,2026-01-20 22:00:00,335
PR000957,M007,P007,2026-01-20 10:00:00,2026-01-20 11:00:00,199
PR000958,M007,P001,2026-01-20 07:00:00,2026-01-20 11:00:00,748
PR000959,M007,P008,2026-01-20 11:00:00,2026-01-20 14:00:00,921
PR000960,M008,P002,2026-01-20 12:00:00,2026-01-20 13:00:00,848
PR000961,M008,P007,2026-01-20 14:00:00,2026-01-20 18:00:00,875
PR000962,M010,P004,2026-01-20 17:00:00,2026-01-20 21:00:00,248
PR000963,M010,P001,2026-01-20 13:00:00,2026-01-20 15:00:00,537
PR000964,M010,P003,2026-01-20 09:00:00,2026-01-20 10:00:00,351
PR000965,M011,P002,2026-01-20 06:00:00,2026-01-20 08:00:00,153
PR000966,M011,P005,2026-01-20 10:00:00,2026-01-20 14:00:00,914
PR000967,M012,P002,2026-01-20 10:00:00,2026-01-20 12:00:00,891
PR000968,M012,P006,2026-01-20 11:00:00,2026-01-20 12:00:00,967
PR000969,M013,P001,2026-01-20 08:00:00,2026-01-20 11:00:00,713
PR000970,M013,P008,2026-01-20 17:00:00,2026-01-20 19:00:00,983
PR000971,M014,P002,2026-01-20 09:00:00,2026-01-20 11:00:00,287
PR000972,M014,P007,2026-01-20 11:00:00,2026-01-20 12:00:00,951
PR000973,M015,P002,2026-01-20 06:00:00,2026-01-20 10:00:00,703
PR000974,M015,P005,2026-01-20 17:00:00,2026-01-20 20:00:00,601
PR000975,M015,P006,2026-01-20 15:00:00,2026-01-20 18:00:00,274
PR000976,M015,P006,2026-01-20 14:00:00,2026-01-20 16:00:00,520
PR000977,M016,P002,2026-01-20 14:00:00,2026-01-20 15:00:00,154
PR000978,M016,P006,2026-01-20 12:00:00,2026-01-20 16:00:00,924
PR000979,M017,P004,2026-01-20 10:00:00,2026-01-20 14:00:00,746
PR000980,M017,P003,2026-01-20 08:00:00,2026-01-20 09:00:00,259
PR000981,M017,P008,2026-01-20 13:00:00,2026-01-20 14:00:00,828
PR000982,M017,P003,2026-01-20 13:00:00,2026-01-20 14:00:00,313
PR000983,M018,P002,2026-01-20 18:00:00,2026-01-20 19:00:00,256
PR000984,M018,P007,2026-01-20 07:00:00,2026-01-20 11:00:00,304
PR000985,M018,P004,2026-01-20 17:00:00,2026-01-20 20:00:00,317
PR000986,M018,P007,2026-01-20 15:00:00,2026-01-20 19:00:00,492
PR000987,M019,P004,2026-01-20 16:00:00,2026-01-20 19:00:00,899
PR000988,M019,P003,2026-01-20 11:00:00,2026-01-20 12:00:00,628
PR000989,M019,P002,2026-01-20 15:00:00,2026-01-20 19:00:00,298
PR000990,M020,P003,2026-01-20 15:00:00,2026-01-20 18:00:00,400
PR000991,M020,P008,2026-01-20 16:00:00,2026-01-20 17:00:00,792
PR000992,M001,P001,2026-01-21 17:00:00,2026-01-21 20:00:00,590
PR000993,M001,P006,2026-01-21 06:00:00,2026-01-21 09:00:00,663
PR000994,M001,P001,2026-01-21 13:00:00,2026-01-21 15:00:00,799
PR000995,M001,P002,2026-01-21 14:00:00,2026-01-21 16:00:00,341
PR000996,M004,P002,2026-01-21 13:00:00,2026-01-21 15:00:00,772
PR000997,M004,P007,2026-01-21 11:00:00,2026-01-21 14:00:00,837
PR000998,M004,P006,2026-01-21 18:00:00,2026-01-21 20:00:00,376
PR000999,M004,P006,2026-01-21 10:00:00,2026-01-21 12:00:00,393
PR001000,M005,P005,2026-01-21 19:00:00,2026-01-21 21:00:00,401
PR001001,M005,P005,2026-01-21 19:00:00,2026-01-21 22:00:00,617
PR001002,M005,P003,2026-01-21 13:00:00,2026-01-21 17:00:00,592
PR001003,M006,P003,2026-01-21 16:00:00,2026-01-21 17:00:00,149
PR001004,M006,P001,2026-01-21 17:00:00,2026-01-21 21:00:00,681
PR001005,M007,P008,2026-01-21 17:00:00,2026-01-21 21:00:00,795
PR001006,M007,P001,2026-01-21 16:00:00,2026-01-21 18:00:00,545
PR001007,M007,P001,2026-01-21 17:00:00,2026-01-21 20:00:00,456
PR001008,M007,P006,2026-01-21 07:00:00,2026-01-21 10:00:00,410
PR001009,M008,P003,2026-01-21 11:00:00,2026-01-21 15:00:00,719
PR001010,M008,P002,2026-01-21 18:00:00,2026-01-21 21:00:00,224
PR001011,M008,P005,2026-01-21 06:00:00,2026-01-21 09:00:00,910
PR001012,M009,P002,2026-01-21 12:00:00,2026-01-21 16:00:00,240
PR001013,M009,P004,2026-01-21 13:00:00,2026-01-21 15:00:00,451
PR001014,M009,P007,2026-01-21 19:00:00,2026-01-21 20:00:00,526
PR001015,M010,P004,2026-01-21 11:00:00,2026-01-21 12:00:00,185
PR001016,M010,P004,2026-01-21 14:00:00,2026-01-21 15:00:00,173
PR001017,M010,P004,2026-01-21 10:00:00,2026-01-21 14:00:00,611
PR001018,M011,P004,2026-01-21 10:00:00,2026-01-21 14:00:00,269
PR001019,M011,P008,2026-01-21 13:00:00,2026-01-21 15:00:00,666
PR001020,M011,P003,2026-01-21 16:00:00,2026-01-21 18:00:00,712
PR001021,M011,P004,2026-01-21 14:00:00,2026-01-21 15:00:00,550
PR001022,M012,P008,2026-01-21 09:00:00,2026-01-21 10:00:00,537
PR001023,M012,P003,2026-01-21 12:00:00,2026-01-21 15:00:00,645
PR001024,M012,P005,2026-01-21 06:00:00,2026-01-21 10:00:00,700
PR001025,M013,P006,2026-01-21 09:00:00,2026-01-21 13:00:00,728
PR001026,M013,P007,2026-01-21 08:00:00,2026-01-21 11:00:00,724
PR001027,M013,P001,2026-01-21 16:00:00,2026-01-21 18:00:00,817
PR001028,M013,P005,2026-01-21 07:00:00,2026-01-21 08:00:00,215
PR001029,M014,P001,2026-01-21 07:00:00,2026-01-21 11:00:00,213
PR001030,M014,P004,2026-01-21 15:00:00,2026-01-21 17:00:00,976
PR001031,M014,P003,2026-01-21 09:00:00,2026-01-21 12:00:00,365
PR001032,M014,P005,2026-01-21 16:00:00,2026-01-21 17:00:00,204
PR001033,M016,P004,2026-01-21 13:00:00,2026-01-21 14:00:00,832
PR001034,M016,P008,2026-01-21 10:00:00,2026-01-21 14:00:00,750
PR001035,M016,P004,2026-01-21 08:00:00,2026-01-21 09:00:00,198
PR001036,M017,P007,2026-01-21 18:00:00,2026-01-21 22:00:00,298
PR001037,M017,P008,2026-01-21 12:00:00,2026-01-21 15:00:00,253
PR001038,M017,P004,2026-01-21 10:00:00,2026-01-21 11:00:00,561
PR001039,M017,P007,2026-01-21 12:00:00,2026-01-21 14:00:00,183
PR001040,M018,P008,2026-01-21 18:00:00,2026-01-21 22:00:00,652
PR001041,M018,P006,2026-01-21 08:00:00,2026-01-21 12:00:00,714
PR001042,M019,P007,2026-01-21 16:00:00,2026-01-21 20:00:00,989
PR001043,M019,P003,2026-01-21 08:00:00,2026-01-21 09:00:00,996
PR001044,M001,P008,2026-01-22 18:00:00,2026-01-22 22:00:00,635
PR001045,M001,P002,2026-01-22 15:00:00,2026-01-22 19:00:00,934
PR001046,M001,P005,2026-01-22 14:00:00,2026-01-22 15:00:00,570
PR001047,M001,P005,2026-01-22 13:00:00,2026-01-22 17:00:00,378
PR001048,M004,P006,2026-01-22 18:00:00,2026-01-22 19:00:00,799
PR001049,M004,P002,2026-01-22 11:00:00,2026-01-22 12:00:00,924
PR001050,M005,P004,2026-01-22 11:00:00,2026-01-22 12:00:00,416
PR001051,M005,P006,2026-01-22 08:00:00,2026-01-22 12:00:00,790
PR001052,M005,P006,2026-01-22 09:00:00,2026-01-22 13:00:00,943
PR001053,M005,P007,2026-01-22 08:00:00,2026-01-22 11:00:00,519
PR001054,M006,P006,2026-01-22 12:00:00,2026-01-22 14:00:00,405
PR001055,M006,P008,2026-01-22 19:00:00,2026-01-22 20:00:00,636
PR001056,M007,P003,2026-01-22 14:00:00,2026-01-22 16:00:00,595
PR001057,M007,P008,2026-01-22 11:00:00,2026-01-22 15:00:00,650
PR001058,M007,P006,2026-01-22 13:00:00,2026-01-22 15:00:00,312
PR001059,M008,P002,2026-01-22 16:00:00,2026-01-22 19:00:00,898
PR001060,M008,P002,2026-01-22 15:00:00,2026-01-22 19:00:00,542
PR001061,M009,P002,2026-01-22 06:00:00,2026-01-22 09:00:00,579
PR001062,M009,P004,2026-01-22 11:00:00,2026-01-22 12:00:00,884
PR001063,M010,P006,2026-01-22 14:00:00,2026-01-22 17:00:00,968
PR001064,M010,P001,2026-01-22 06:00:00,2026-01-22 07:00:00,290
PR001065,M010,P001,2026-01-22 08:00:00,2026-01-22 12:00:00,180
PR001066,M010,P007,2026-01-22 13:00:00,2026-01-22 15:00:00,203
PR001067,M011,P002,2026-01-22 11:00:00,2026-01-22 12:00:00,506
PR001068,M011,P001,2026-01-22 12:00:00,2026-01-22 13:00:00,737
PR001069,M011,P001,2026-01-22 06:00:00,2026-01-22 08:00:00,862
PR001070,M011,P006,2026-01-22 18:00:00,2026-01-22 19:00:00,240
PR001071,M012,P001,2026-01-22 08:00:00,2026-01-22 09:00:00,674
PR001072,M012,P005,2026-01-22 17:00:00,2026-01-22 21:00:00,274
PR001073,M013,P007,2026-01-22 06:00:00,2026-01-22 09:00:00,573
PR001074,M013,P008,2026-01-22 09:00:00,2026-01-22 13:00:00,963
PR001075,M014,P003,2026-01-22 08:00:00,2026-01-22 11:00:00,983
PR001076,M014,P001,2026-01-22 13:00:00,2026-01-22 15:00:00,925
PR001077,M015,P003,2026-01-22 12:00:00,2026-01-22 16:00:00,827
PR001078,M015,P001,2026-01-22 18:00:00,2026-01-22 21:00:00,988
PR001079,M016,P003,2026-01-22 10:00:00,2026-01-22 11:00:00,552
PR001080,M016,P008,2026-01-22 11:00:00,2026-01-22 15:00:00,624
PR001081,M016,P004,2026-01-22 19:00:00,2026-01-22 22:00:00,758
PR001082,M016,P001,2026-01-22 16:00:00,2026-01-22 19:00:00,557
PR001083,M017,P003,2026-01-22 07:00:00,2026-01-22 11:00:00,121
PR001084,M017,P007,2026-01-22 14:00:00,2026-01-22 15:00:00,939
PR001085,M017,P003,2026-01-22 19:00:00,2026-01-22 23:00:00,474
PR001086,M017,P003,2026-01-22 07:00:00,2026-01-22 11:00:00,694
PR001087,M019,P005,2026-01-22 06:00:00,2026-01-22 10:00:00,225
PR001088,M019,P004,2026-01-22 16:00:00,2026-01-22 17:00:00,382
PR001089,M020,P005,2026-01-22 10:00:00,2026-01-22 11:00:00,945
PR001090,M020,P001,2026-01-22 11:00:00,2026-01-22 15:00:00,158
PR001091,M001,P003,2026-01-23 08:00:00,2026-01-23 10:00:00,296
PR001092,M001,P007,2026-01-23 07:00:00,2026-01-23 09:00:00,658
PR001093,M002,P007,2026-01-23 09:00:00,2026-01-23 11:00:00,490
PR001094,M002,P003,2026-01-23 12:00:00,2026-01-23 14:00:00,314
PR001095,M003,P008,2026-01-23 13:00:00,2026-01-23 17:00:00,128
PR001096,M003,P001,2026-01-23 07:00:00,2026-01-23 10:00:00,813
PR001097,M004,P001,2026-01-23 19:00:00,2026-01-23 20:00:00,301
PR001098,M004,P005,2026-01-23 07:00:00,2026-01-23 09:00:00,669
PR001099,M004,P005,2026-01-23 17:00:00,2026-01-23 19:00:00,780
PR001100,M005,P004,2026-01-23 06:00:00,2026-01-23 09:00:00,788
PR001101,M005,P002,2026-01-23 12:00:00,2026-01-23 15:00:00,486
PR001102,M006,P002,2026-01-23 07:00:00,2026-01-23 11:00:00,891
PR001103,M006,P003,2026-01-23 11:00:00,2026-01-23 13:00:00,253
PR001104,M006,P005,2026-01-23 12:00:00,2026-01-23 15:00:00,318
PR001105,M006,P006,2026-01-23 11:00:00,2026-01-23 15:00:00,652
PR001106,M007,P002,2026-01-23 09:00:00,2026-01-23 12:00:00,466
PR001107,M007,P006,2026-01-23 19:00:00,2026-01-23 20:00:00,901
PR001108,M007,P003,2026-01-23 08:00:00,2026-01-23 10:00:00,818
PR001109,M007,P008,2026-01-23 15:00:00,2026-01-23 16:00:00,580
PR001110,M008,P004,2026-01-23 16:00:00,2026-01-23 20:00:00,158
PR001111,M008,P001,2026-01-23 07:00:00,2026-01-23 08:00:00,551
PR001112,M010,P005,2026-01-23 16:00:00,2026-01-23 18:00:00,659
PR001113,M010,P004,2026-01-23 16:00:00,2026-01-23 20:00:00,889
PR001114,M011,P001,2026-01-23 18:00:00,2026-01-23 22:00:00,548
PR001115,M011,P001,2026-01-23 18:00:00,2026-01-23 22:00:00,106
PR001116,M012,P001,2026-01-23 06:00:00,2026-01-23 08:00:00,519
PR001117,M012,P008,2026-01-23 18:00:00,2026-01-23 20:00:00,717
PR001118,M012,P001,2026-01-23 11:00:00,2026-01-23 15:00:00,265
PR001119,M012,P006,2026-01-23 15:00:00,2026-01-23 17:00:00,894
PR001120,M013,P004,2026-01-23 10:00:00,2026-01-23 13:00:00,508
PR001121,M013,P001,2026-01-23 09:00:00,2026-01-23 10:00:00,478
PR001122,M013,P004,2026-01-23 16:00:00,2026-01-23 18:00:00,347
PR001123,M013,P001,2026-01-23 06:00:00,2026-01-23 09:00:00,476
PR001124,M014,P005,2026-01-23 13:00:00,2026-01-23 16:00:00,468
PR001125,M014,P004,2026-01-23 12:00:00,2026-01-23 15:00:00,579
PR001126,M016,P008,2026-01-23 19:00:00,2026-01-23 20:00:00,398
PR001127,M016,P005,2026-01-23 07:00:00,2026-01-23 11:00:00,302
PR001128,M017,P008,2026-01-23 15:00:00,2026-01-23 16:00:00,430
PR001129,M017,P007,2026-01-23 07:00:00,2026-01-23 09:00:00,403
PR001130,M017,P007,2026-01-23 15:00:00,2026-01-23 17:00:00,649
PR001131,M018,P003,2026-01-23 18:00:00,2026-01-23 22:00:00,785
PR001132,M018,P007,2026-01-23 15:00:00,2026-01-23 17:00:00,932
PR001133,M018,P008,2026-01-23 13:00:00,2026-01-23 16:00:00,849
PR001134,M018,P001,2026-01-23 08:00:00,2026-01-23 10:00:00,589
PR001135,M019,P001,2026-01-23 16:00:00,2026-01-23 17:00:00,394
PR001136,M019,P006,2026-01-23 17:00:00,2026-01-23 21:00:00,964
PR001137,M019,P008,2026-01-23 10:00:00,2026-01-23 11:00:00,949
PR001138,M020,P003,2026-01-23 18:00:00,2026-01-23 20:00:00,462
PR001139,M020,P004,2026-01-23 17:00:00,2026-01-23 19:00:00,779
PR001140,M020,P005,2026-01-23 07:00:00,2026-01-23 11:00:00,718
PR001141,M001,P008,2026-01-24 07:00:00,2026-01-24 10:00:00,761
PR001142,M001,P005,2026-01-24 16:00:00,2026-01-24 18:00:00,284
PR001143,M001,P007,2026-01-24 09:00:00,2026-01-24 11:00:00,355
PR001144,M003,P006,2026-01-24 06:00:00,2026-01-24 09:00:00,102
PR001145,M003,P001,2026-01-24 11:00:00,2026-01-24 13:00:00,220
PR001146,M003,P008,2026-01-24 11:00:00,2026-01-24 13:00:00,440
PR001147,M003,P004,2026-01-24 18:00:00,2026-01-24 19:00:00,813
PR001148,M004,P004,2026-01-24 08:00:00,2026-01-24 09:00:00,402
PR001149,M004,P001,2026-01-24 08:00:00,2026-01-24 11:00:00,168
PR001150,M004,P003,2026-01-24 09:00:00,2026-01-24 13:00:00,543
PR001151,M004,P001,2026-01-24 13:00:00,2026-01-24 15:00:00,634
PR001152,M005,P001,2026-01-24 15:00:00,2026-01-24 19:00:00,955
PR001153,M005,P008,2026-01-24 18:00:00,2026-01-24 21:00:00,913
PR001154,M005,P004,2026-01-24 12:00:00,2026-01-24 16:00:00,488
PR001155,M005,P002,2026-01-24 19:00:00,2026-01-24 21:00:00,276
PR001156,M006,P001,2026-01-24 06:00:00,2026-01-24 07:00:00,928
PR001157,M006,P003,2026-01-24 11:00:00,2026-01-24 14:00:00,208
PR001158,M007,P007,2026-01-24 11:00:00,2026-01-24 12:00:00,525
PR001159,M007,P008,2026-01-24 06:00:00,2026-01-24 10:00:00,570
PR001160,M008,P007,2026-01-24 11:00:00,2026-01-24 12:00:00,384
PR001161,M008,P008,2026-01-24 10:00:00,2026-01-24 13:00:00,752
PR001162,M009,P007,2026-01-24 12:00:00,2026-01-24 13:00:00,500
PR001163,M009,P005,2026-01-24 13:00:00,2026-01-24 14:00:00,549
PR001164,M009,P006,2026-01-24 11:00:00,2026-01-24 15:00:00,117
PR001165,M009,P006,2026-01-24 11:00:00,2026-01-24 13:00:00,388
PR001166,M011,P002,2026-01-24 08:00:00,2026-01-24 10:00:00,733
PR001167,M011,P001,2026-01-24 17:00:00,2026-01-24 20:00:00,773
PR001168,M011,P006,2026-01-24 15:00:00,2026-01-24 19:00:00,110
PR001169,M012,P006,2026-01-24 11:00:00,2026-01-24 14:00:00,246
PR001170,M012,P008,2026-01-24 19:00:00,2026-01-24 23:00:00,763
PR001171,M012,P007,2026-01-24 16:00:00,2026-01-24 17:00:00,236
PR001172,M012,P003,2026-01-24 06:00:00,2026-01-24 08:00:00,580
PR001173,M013,P003,2026-01-24 15:00:00,2026-01-24 16:00:00,453
PR001174,M013,P002,2026-01-24 18:00:00,2026-01-24 20:00:00,996
PR001175,M013,P005,2026-01-24 18:00:00,2026-01-24 22:00:00,338
PR001176,M013,P005,2026-01-24 06:00:00,2026-01-24 07:00:00,931
PR001177,M014,P005,2026-01-24 06:00:00,2026-01-24 09:00:00,368
PR001178,M014,P007,2026-01-24 15:00:00,2026-01-24 16:00:00,550
PR001179,M014,P005,2026-01-24 15:00:00,2026-01-24 16:00:00,202
PR001180,M015,P003,2026-01-24 06:00:00,2026-01-24 09:00:00,636
PR001181,M015,P005,2026-01-24 18:00:00,2026-01-24 21:00:00,306
PR001182,M015,P002,2026-01-24 10:00:00,2026-01-24 13:00:00,515
PR001183,M016,P008,2026-01-24 11:00:00,2026-01-24 15:00:00,172
PR001184,M016,P001,2026-01-24 13:00:00,2026-01-24 14:00:00,192
PR001185,M017,P001,2026-01-24 08:00:00,2026-01-24 12:00:00,729
PR001186,M017,P003,2026-01-24 12:00:00,2026-01-24 14:00:00,512
PR001187,M018,P003,2026-01-24 18:00:00,2026-01-24 21:00:00,998
PR001188,M018,P001,2026-01-24 10:00:00,2026-01-24 12:00:00,641
PR001189,M019,P006,2026-01-24 07:00:00,2026-01-24 11:00:00,747
PR001190,M019,P001,2026-01-24 11:00:00,2026-01-24 15:00:00,850
PR001191,M019,P004,2026-01-24 13:00:00,2026-01-24 17:00:00,434
PR001192,M019,P005,2026-01-24 09:00:00,2026-01-24 10:00:00,148
PR001193,M020,P004,2026-01-24 18:00:00,2026-01-24 20:00:00,434
PR001194,M020,P005,2026-01-24 18:00:00,2026-01-24 21:00:00,845
PR001195,M001,P008,2026-01-25 11:00:00,2026-01-25 13:00:00,931
PR001196,M001,P004,2026-01-25 16:00:00,2026-01-25 19:00:00,673
PR001197,M001,P003,2026-01-25 16:00:00,2026-01-25 20:00:00,983
PR001198,M001,P008,2026-01-25 15:00:00,2026-01-25 18:00:00,718
PR001199,M003,P007,2026-01-25 06:00:00,2026-01-25 07:00:00,447
PR001200,M003,P008,2026-01-25 17:00:00,2026-01-25 19:00:00,416
PR001201,M003,P001,2026-01-25 14:00:00,2026-01-25 18:00:00,235
PR001202,M004,P008,2026-01-25 18:00:00,2026-01-25 20:00:00,906
PR001203,M004,P003,2026-01-25 15:00:00,2026-01-25 19:00:00,820
PR001204,M005,P001,2026-01-25 16:00:00,2026-01-25 19:00:00,191
PR001205,M005,P001,2026-01-25 17:00:00,2026-01-25 19:00:00,541
PR001206,M006,P002,2026-01-25 08:00:00,2026-01-25 09:00:00,675
PR001207,M006,P005,2026-01-25 09:00:00,2026-01-25 11:00:00,584
PR001208,M006,P002,2026-01-25 11:00:00,2026-01-25 13:00:00,943
PR001209,M006,P006,2026-01-25 18:00:00,2026-01-25 19:00:00,366
PR001210,M007,P003,2026-01-25 14:00:00,2026-01-25 18:00:00,336
PR001211,M007,P004,2026-01-25 07:00:00,2026-01-25 09:00:00,833
PR001212,M007,P007,2026-01-25 15:00:00,2026-01-25 19:00:00,494
PR001213,M007,P002,2026-01-25 06:00:00,2026-01-25 08:00:00,613
PR001214,M008,P008,2026-01-25 12:00:00,2026-01-25 14:00:00,417
PR001215,M008,P006,2026-01-25 06:00:00,2026-01-25 10:00:00,161
PR001216,M008,P006,2026-01-25 14:00:00,2026-01-25 17:00:00,294
PR001217,M009,P008,2026-01-25 06:00:00,2026-01-25 08:00:00,784
PR001218,M009,P006,2026-01-25 17:00:00,2026-01-25 18:00:00,477
PR001219,M010,P007,2026-01-25 11:00:00,2026-01-25 13:00:00,536
PR001220,M010,P007,2026-01-25 09:00:00,2026-01-25 13:00:00,890
PR001221,M010,P002,2026-01-25 11:00:00,2026-01-25 15:00:00,439
PR001222,M010,P001,2026-01-25 10:00:00,2026-01-25 14:00:00,303
PR001223,M011,P006,2026-01-25 10:00:00,2026-01-25 13:00:00,633
PR001224,M011,P003,2026-01-25 18:00:00,2026-01-25 19:00:00,707
PR001225,M012,P008,2026-01-25 07:00:00,2026-01-25 11:00:00,316
PR001226,M012,P008,2026-01-25 19:00:00,2026-01-25 22:00:00,603
PR001227,M012,P005,2026-01-25 18:00:00,2026-01-25 21:00:00,203
PR001228,M013,P005,2026-01-25 13:00:00,2026-01-25 16:00:00,281
PR001229,M013,P004,2026-01-25 11:00:00,2026-01-25 15:00:00,126
PR001230,M013,P003,2026-01-25 17:00:00,2026-01-25 20:00:00,898
PR001231,M014,P003,2026-01-25 08:00:00,2026-01-25 09:00:00,958
PR001232,M014,P003,2026-01-25 18:00:00,2026-01-25 19:00:00,980
PR001233,M014,P005,2026-01-25 09:00:00,2026-01-25 12:00:00,798
PR001234,M015,P008,2026-01-25 19:00:00,2026-01-25 22:00:00,607
PR001235,M015,P006,2026-01-25 10:00:00,2026-01-25 13:00:00,697
PR001236,M015,P001,2026-01-25 19:00:00,2026-01-25 23:00:00,213
PR001237,M015,P007,2026-01-25 09:00:00,2026-01-25 13:00:00,794
PR001238,M016,P005,2026-01-25 08:00:00,2026-01-25 11:00:00,307
PR001239,M016,P003,2026-01-25 10:00:00,2026-01-25 11:00:00,237
PR001240,M016,P005,2026-01-25 14:00:00,2026-01-25 18:00:00,672
PR001241,M017,P003,2026-01-25 07:00:00,2026-01-25 09:00:00,672
PR001242,M017,P003,2026-01-25 14:00:00,2026-01-25 18:00:00,147
PR001243,M017,P006,2026-01-25 12:00:00,2026-01-25 16:00:00,750
PR001244,M017,P005,2026-01-25 07:00:00,2026-01-25 10:00:00,639
PR001245,M018,P002,2026-01-25 08:00:00,2026-01-25 09:00:00,879
PR001246,M018,P002,2026-01-25 09:00:00,2026-01-25 11:00:00,212
PR001247,M019,P003,2026-01-25 19:00:00,2026-01-25 22:00:00,387
PR001248,M019,P007,2026-01-25 18:00:00,2026-01-25 20:00:00,254
PR001249,M020,P007,2026-01-25 16:00:00,2026-01-25 17:00:00,744
PR001250,M020,P001,2026-01-25 14:00:00,2026-01-25 17:00:00,610
PR001251,M020,P006,2026-01-25 14:00:00,2026-01-25 16:00:00,557
PR001252,M020,P007,2026-01-25 08:00:00,2026-01-25 09:00:00,163
PR001253,M001,P006,2026-01-26 13:00:00,2026-01-26 17:00:00,505
PR001254,M001,P005,2026-01-26 07:00:00,2026-01-26 10:00:00,820
PR001255,M001,P004,2026-01-26 19:00:00,2026-01-26 21:00:00,533
PR001256,M001,P003,2026-01-26 07:00:00,2026-01-26 11:00:00,474
PR001257,M002,P003,2026-01-26 09:00:00,2026-01-26 11:00:00,265
PR001258,M002,P006,2026-01-26 17:00:00,2026-01-26 21:00:00,189
PR001259,M002,P005,2026-01-26 18:00:00,2026-01-26 19:00:00,933
PR001260,M003,P003,2026-01-26 09:00:00,2026-01-26 11:00:00,637
PR001261,M003,P006,2026-01-26 13:00:00,2026-01-26 17:00:00,910
PR001262,M003,P008,2026-01-26 09:00:00,2026-01-26 13:00:00,128
PR001263,M004,P008,2026-01-26 09:00:00,2026-01-26 13:00:00,538
PR001264,M004,P007,2026-01-26 19:00:00,2026-01-26 21:00:00,846
PR001265,M005,P005,2026-01-26 13:00:00,2026-01-26 17:00:00,254
PR001266,M005,P007,2026-01-26 12:00:00,2026-01-26 16:00:00,355
PR001267,M005,P004,2026-01-26 14:00:00,2026-01-26 17:00:00,278
PR001268,M005,P007,2026-01-26 10:00:00,2026-01-26 12:00:00,564
PR001269,M006,P005,2026-01-26 13:00:00,2026-01-26 16:00:00,706
PR001270,M006,P004,2026-01-26 19:00:00,2026-01-26 21:00:00,375
PR001271,M008,P006,2026-01-26 06:00:00,2026-01-26 10:00:00,909
PR001272,M008,P003,2026-01-26 18:00:00,2026-01-26 21:00:00,593
PR001273,M009,P003,2026-01-26 17:00:00,2026-01-26 19:00:00,901
PR001274,M009,P008,2026-01-26 09:00:00,2026-01-26 11:00:00,457
PR001275,M009,P007,2026-01-26 15:00:00,2026-01-26 19:00:00,663
PR001276,M009,P005,2026-01-26 10:00:00,2026-01-26 14:00:00,998
PR001277,M010,P008,2026-01-26 13:00:00,2026-01-26 16:00:00,209
PR001278,M010,P008,2026-01-26 13:00:00,2026-01-26 14:00:00,961
PR001279,M010,P004,2026-01-26 17:00:00,2026-01-26 19:00:00,138
PR001280,M010,P005,2026-01-26 06:00:00,2026-01-26 10:00:00,736
PR001281,M012,P008,2026-01-26 09:00:00,2026-01-26 12:00:00,437
PR001282,M012,P007,2026-01-26 11:00:00,2026-01-26 14:00:00,955
PR001283,M012,P002,2026-01-26 13:00:00,2026-01-26 16:00:00,889
PR001284,M013,P006,2026-01-26 17:00:00,2026-01-26 19:00:00,195
PR001285,M013,P002,2026-01-26 10:00:00,2026-01-26 14:00:00,585
PR001286,M013,P008,2026-01-26 13:00:00,2026-01-26 17:00:00,337
PR001287,M013,P004,2026-01-26 08:00:00,2026-01-26 12:00:00,211
PR001288,M014,P007,2026-01-26 06:00:00,2026-01-26 09:00:00,834
PR001289,M014,P002,2026-01-26 15:00:00,2026-01-26 16:00:00,538
PR001290,M015,P008,2026-01-26 14:00:00,2026-01-26 16:00:00,188
PR001291,M015,P002,2026-01-26 07:00:00,2026-01-26 10:00:00,498
PR001292,M015,P001,2026-01-26 12:00:00,2026-01-26 15:00:00,624
PR001293,M016,P005,2026-01-26 16:00:00,2026-01-26 17:00:00,181
PR001294,M016,P004,2026-01-26 14:00:00,2026-01-26 17:00:00,943
PR001295,M016,P007,2026-01-26 11:00:00,2026-01-26 14:00:00,543
PR001296,M018,P001,2026-01-26 12:00:00,2026-01-26 16:00:00,286
PR001297,M018,P001,2026-01-26 19:00:00,2026-01-26 23:00:00,976
PR001298,M018,P003,2026-01-26 06:00:00,2026-01-26 07:00:00,489
PR001299,M018,P002,2026-01-26 18:00:00,2026-01-26 19:00:00,287
PR001300,M019,P008,2026-01-26 09:00:00,2026-01-26 13:00:00,650
PR001301,M019,P003,2026-01-26 14:00:00,2026-01-26 15:00:00,771
PR001302,M019,P008,2026-01-26 11:00:00,2026-01-26 14:00:00,521
PR001303,M020,P005,2026-01-26 08:00:00,2026-01-26 12:00:00,742
PR001304,M020,P006,2026-01-26 11:00:00,2026-01-26 13:00:00,819
PR001305,M020,P007,2026-01-26 18:00:00,2026-01-26 20:00:00,811
PR001306,M001,P003,2026-01-27 11:00:00,2026-01-27 13:00:00,643
PR001307,M001,P003,2026-01-27 15:00:00,2026-01-27 18:00:00,867
PR001308,M002,P006,2026-01-27 18:00:00,2026-01-27 21:00:00,936
PR001309,M002,P001,2026-01-27 09:00:00,2026-01-27 10:00:00,226
PR001310,M002,P004,2026-01-27 19:00:00,2026-01-27 20:00:00,861
PR001311,M002,P004,2026-01-27 12:00:00,2026-01-27 15:00:00,505
PR001312,M004,P005,2026-01-27 06:00:00,2026-01-27 10:00:00,599
PR001313,M004,P001,2026-01-27 06:00:00,2026-01-27 08:00:00,580
PR001314,M004,P008,2026-01-27 18:00:00,2026-01-27 19:00:00,157
PR001315,M005,P008,2026-01-27 12:00:00,2026-01-27 14:00:00,427
PR001316,M005,P003,2026-01-27 16:00:00,2026-01-27 18:00:00,210
PR001317,M006,P005,2026-01-27 06:00:00,2026-01-27 10:00:00,572
PR001318,M006,P002,2026-01-27 12:00:00,2026-01-27 14:00:00,857
PR001319,M007,P002,2026-01-27 12:00:00,2026-01-27 13:00:00,707
PR001320,M007,P002,2026-01-27 18:00:00,2026-01-27 20:00:00,193
PR001321,M007,P005,2026-01-27 18:00:00,2026-01-27 21:00:00,705
PR001322,M009,P004,2026-01-27 09:00:00,2026-01-27 12:00:00,300
PR001323,M009,P005,2026-01-27 15:00:00,2026-01-27 19:00:00,578
PR001324,M009,P006,2026-01-27 12:00:00,2026-01-27 16:00:00,791
PR001325,M009,P001,2026-01-27 06:00:00,2026-01-27 07:00:00,407
PR001326,M010,P002,2026-01-27 17:00:00,2026-01-27 20:00:00,942
PR001327,M010,P004,2026-01-27 14:00:00,2026-01-27 18:00:00,882
PR001328,M011,P003,2026-01-27 14:00:00,2026-01-27 15:00:00,171
PR001329,M011,P003,2026-01-27 19:00:00,2026-01-27 23:00:00,420
PR001330,M011,P003,2026-01-27 13:00:00,2026-01-27 15:00:00,801
PR001331,M012,P002,2026-01-27 06:00:00,2026-01-27 07:00:00,515
PR001332,M012,P008,2026-01-27 18:00:00,2026-01-27 19:00:00,952
PR001333,M012,P006,2026-01-27 12:00:00,2026-01-27 16:00:00,489
PR001334,M012,P008,2026-01-27 07:00:00,2026-01-27 09:00:00,592
PR001335,M013,P003,2026-01-27 06:00:00,2026-01-27 09:00:00,470
PR001336,M013,P003,2026-01-27 13:00:00,2026-01-27 14:00:00,248
PR001337,M014,P006,2026-01-27 12:00:00,2026-01-27 16:00:00,372
PR001338,M014,P002,2026-01-27 08:00:00,2026-01-27 12:00:00,127
PR001339,M014,P003,2026-01-27 11:00:00,2026-01-27 14:00:00,392
PR001340,M014,P002,2026-01-27 09:00:00,2026-01-27 13:00:00,825
PR001341,M015,P008,2026-01-27 18:00:00,2026-01-27 22:00:00,669
PR001342,M015,P007,2026-01-27 06:00:00,2026-01-27 07:00:00,327
PR001343,M015,P002,2026-01-27 17:00:00,2026-01-27 19:00:00,182
PR001344,M016,P001,2026-01-27 13:00:00,2026-01-27 17:00:00,895
PR001345,M016,P008,2026-01-27 15:00:00,2026-01-27 17:00:00,915
PR001346,M016,P008,2026-01-27 06:00:00,2026-01-27 09:00:00,559
PR001347,M017,P003,2026-01-27 09:00:00,2026-01-27 11:00:00,591
PR001348,M017,P004,2026-01-27 14:00:00,2026-01-27 17:00:00,283
PR001349,M017,P005,2026-01-27 13:00:00,2026-01-27 16:00:00,753
PR001350,M018,P006,2026-01-27 08:00:00,2026-01-27 10:00:00,609
PR001351,M018,P004,2026-01-27 15:00:00,2026-01-27 16:00:00,381
PR001352,M018,P003,2026-01-27 13:00:00,2026-01-27 15:00:00,310
PR001353,M019,P001,2026-01-27 15:00:00,2026-01-27 18:00:00,563
PR001354,M019,P005,2026-01-27 08:00:00,2026-01-27 12:00:00,204
PR001355,M019,P002,2026-01-27 17:00:00,2026-01-27 19:00:00,786
PR001356,M019,P004,2026-01-27 12:00:00,2026-01-27 15:00:00,533
PR001357,M020,P006,2026-01-27 12:00:00,2026-01-27 16:00:00,228
PR001358,M020,P003,2026-01-27 14:00:00,2026-01-27 16:00:00,769
PR001359,M020,P001,2026-01-27 15:00:00,2026-01-27 16:00:00,951
PR001360,M020,P006,2026-01-27 09:00:00,2026-01-27 11:00:00,568
PR001361,M001,P006,2026-01-28 18:00:00,2026-01-28 21:00:00,349
PR001362,M001,P001,2026-01-28 09:00:00,2026-01-28 12:00:00,401
PR001363,M001,P002,2026-01-28 10:00:00,2026-01-28 14:00:00,988
PR001364,M002,P007,2026-01-28 16:00:00,2026-01-28 20:00:00,463
PR001365,M002,P002,2026-01-28 12:00:00,2026-01-28 16:00:00,190
PR001366,M004,P002,2026-01-28 08:00:00,2026-01-28 12:00:00,341
PR001367,M004,P007,2026-01-28 14:00:00,2026-01-28 18:00:00,811
PR001368,M004,P005,2026-01-28 16:00:00,2026-01-28 17:00:00,291
PR001369,M004,P007,2026-01-28 15:00:00,2026-01-28 16:00:00,792
PR001370,M005,P005,2026-01-28 18:00:00,2026-01-28 20:00:00,960
PR001371,M005,P002,2026-01-28 14:00:00,2026-01-28 17:00:00,851
PR001372,M005,P003,2026-01-28 06:00:00,2026-01-28 10:00:00,799
PR001373,M005,P004,2026-01-28 19:00:00,2026-01-28 22:00:00,207
PR001374,M006,P005,2026-01-28 16:00:00,2026-01-28 20:00:00,544
PR001375,M006,P006,2026-01-28 11:00:00,2026-01-28 15:00:00,989
PR001376,M007,P007,2026-01-28 15:00:00,2026-01-28 16:00:00,795
PR001377,M007,P004,2026-01-28 07:00:00,2026-01-28 10:00:00,642
PR001378,M007,P007,2026-01-28 14:00:00,2026-01-28 18:00:00,996
PR001379,M007,P007,2026-01-28 11:00:00,2026-01-28 15:00:00,712
PR001380,M008,P005,2026-01-28 15:00:00,2026-01-28 17:00:00,525
PR001381,M008,P003,2026-01-28 06:00:00,2026-01-28 08:00:00,777
PR001382,M009,P005,2026-01-28 06:00:00,2026-01-28 07:00:00,701
PR001383,M009,P008,2026-01-28 06:00:00,2026-01-28 08:00:00,948
PR001384,M009,P003,2026-01-28 19:00:00,2026-01-28 20:00:00,873
PR001385,M010,P006,2026-01-28 13:00:00,2026-01-28 14:00:00,754
PR001386,M010,P001,2026-01-28 18:00:00,2026-01-28 21:00:00,368
PR001387,M010,P004,2026-01-28 10:00:00,2026-01-28 14:00:00,774
PR001388,M010,P001,2026-01-28 11:00:00,2026-01-28 12:00:00,669
PR001389,M011,P002,2026-01-28 15:00:00,2026-01-28 18:00:00,104
PR001390,M011,P003,2026-01-28 09:00:00,2026-01-28 11:00:00,809
PR001391,M011,P001,2026-01-28 07:00:00,2026-01-28 09:00:00,487
PR001392,M012,P004,2026-01-28 18:00:00,2026-01-28 21:00:00,483
PR001393,M012,P007,2026-01-28 12:00:00,2026-01-28 15:00:00,118
PR001394,M012,P001,2026-01-28 16:00:00,2026-01-28 19:00:00,518
PR001395,M013,P008,2026-01-28 15:00:00,2026-01-28 19:00:00,143
PR001396,M013,P001,2026-01-28 13:00:00,2026-01-28 14:00:00,480
PR001397,M013,P001,2026-01-28 12:00:00,2026-01-28 15:00:00,149
PR001398,M013,P005,2026-01-28 08:00:00,2026-01-28 12:00:00,263
PR001399,M014,P007,2026-01-28 10:00:00,2026-01-28 14:00:00,562
PR001400,M014,P003,2026-01-28 19:00:00,2026-01-28 23:00:00,907
PR001401,M014,P004,2026-01-28 17:00:00,2026-01-28 21:00:00,289
PR001402,M015,P006,2026-01-28 07:00:00,2026-01-28 10:00:00,870
PR001403,M015,P003,2026-01-28 13:00:00,2026-01-28 17:00:00,882
PR001404,M016,P007,2026-01-28 18:00:00,2026-01-28 20:00:00,875
PR001405,M016,P007,2026-01-28 13:00:00,2026-01-28 17:00:00,470
PR001406,M016,P008,2026-01-28 15:00:00,2026-01-28 16:00:00,412
PR001407,M016,P006,2026-01-28 08:00:00,2026-01-28 10:00:00,557
PR001408,M017,P004,2026-01-28 10:00:00,2026-01-28 11:00:00,522
PR001409,M017,P005,2026-01-28 07:00:00,2026-01-28 10:00:00,481
PR001410,M018,P005,2026-01-28 11:00:00,2026-01-28 15:00:00,733
PR001411,M018,P005,2026-01-28 19:00:00,2026-01-28 23:00:00,103
PR001412,M018,P002,2026-01-28 12:00:00,2026-01-28 14:00:00,387
PR001413,M019,P004,2026-01-28 14:00:00,2026-01-28 15:00:00,301
PR001414,M019,P003,2026-01-28 11:00:00,2026-01-28 15:00:00,475
PR001415,M019,P003,2026-01-28 08:00:00,2026-01-28 10:00:00,750
PR001416,M020,P003,2026-01-28 09:00:00,2026-01-28 10:00:00,908
PR001417,M020,P008,2026-01-28 10:00:00,2026-01-28 14:00:00,825
PR001418,M020,P001,2026-01-28 11:00:00,2026-01-28 14:00:00,633
PR001419,M020,P007,2026-01-28 09:00:00,2026-01-28 11:00:00,979
PR001420,M001,P004,2026-01-29 15:00:00,2026-01-29 18:00:00,492
PR001421,M001,P001,2026-01-29 17:00:00,2026-01-29 20:00:00,369
PR001422,M001,P001,2026-01-29 07:00:00,2026-01-29 08:00:00,350
PR001423,M001,P003,2026-01-29 14:00:00,2026-01-29 17:00:00,813
PR001424,M002,P006,2026-01-29 09:00:00,2026-01-29 13:00:00,826
PR001425,M002,P008,2026-01-29 14:00:00,2026-01-29 18:00:00,336
PR001426,M003,P001,2026-01-29 15:00:00,2026-01-29 17:00:00,589
PR001427,M003,P007,2026-01-29 19:00:00,2026-01-29 21:00:00,705
PR001428,M004,P008,2026-01-29 19:00:00,2026-01-29 22:00:00,215
PR001429,M004,P003,2026-01-29 07:00:00,2026-01-29 09:00:00,198
PR001430,M006,P008,2026-01-29 12:00:00,2026-01-29 15:00:00,820
PR001431,M006,P004,2026-01-29 19:00:00,2026-01-29 23:00:00,357
PR001432,M008,P003,2026-01-29 16:00:00,2026-01-29 20:00:00,340
PR001433,M008,P002,2026-01-29 07:00:00,2026-01-29 10:00:00,286
PR001434,M008,P003,2026-01-29 11:00:00,2026-01-29 12:00:00,463
PR001435,M008,P005,2026-01-29 15:00:00,2026-01-29 19:00:00,799
PR001436,M009,P003,2026-01-29 07:00:00,2026-01-29 09:00:00,926
PR001437,M009,P007,2026-01-29 16:00:00,2026-01-29 19:00:00,171
PR001438,M009,P008,2026-01-29 12:00:00,2026-01-29 14:00:00,674
PR001439,M011,P001,2026-01-29 06:00:00,2026-01-29 09:00:00,352
PR001440,M011,P005,2026-01-29 13:00:00,2026-01-29 17:00:00,619
PR001441,M011,P004,2026-01-29 15:00:00,2026-01-29 19:00:00,903
PR001442,M011,P004,2026-01-29 11:00:00,2026-01-29 12:00:00,274
PR001443,M012,P005,2026-01-29 19:00:00,2026-01-29 21:00:00,170
PR001444,M012,P005,2026-01-29 09:00:00,2026-01-29 13:00:00,480
PR001445,M012,P007,2026-01-29 18:00:00,2026-01-29 21:00:00,327
PR001446,M012,P005,2026-01-29 19:00:00,2026-01-29 23:00:00,886
PR001447,M013,P004,2026-01-29 16:00:00,2026-01-29 19:00:00,384
PR001448,M013,P004,2026-01-29 14:00:00,2026-01-29 16:00:00,930
PR001449,M014,P006,2026-01-29 10:00:00,2026-01-29 12:00:00,967
PR001450,M014,P002,2026-01-29 18:00:00,2026-01-29 21:00:00,570
PR001451,M014,P006,2026-01-29 18:00:00,2026-01-29 21:00:00,929
PR001452,M015,P004,2026-01-29 09:00:00,2026-01-29 13:00:00,466
PR001453,M015,P006,2026-01-29 14:00:00,2026-01-29 17:00:00,649
PR001454,M015,P001,2026-01-29 09:00:00,2026-01-29 12:00:00,434
PR001455,M017,P006,2026-01-29 07:00:00,2026-01-29 08:00:00,954
PR001456,M017,P002,2026-01-29 16:00:00,2026-01-29 17:00:00,377
PR001457,M017,P002,2026-01-29 09:00:00,2026-01-29 10:00:00,399
PR001458,M019,P002,2026-01-29 12:00:00,2026-01-29 16:00:00,246
PR001459,M019,P003,2026-01-29 19:00:00,2026-01-29 22:00:00,483
PR001460,M019,P007,2026-01-29 14:00:00,2026-01-29 15:00:00,288
PR001461,M019,P008,2026-01-29 08:00:00,2026-01-29 11:00:00,280
PR001462,M020,P008,2026-01-29 07:00:00,2026-01-29 09:00:00,415
PR001463,M020,P008,2026-01-29 06:00:00,2026-01-29 10:00:00,243
PR001464,M020,P007,2026-01-29 19:00:00,2026-01-29 22:00:00,344
PR001465,M001,P004,2026-01-30 16:00:00,2026-01-30 19:00:00,440
PR001466,M001,P002,2026-01-30 12:00:00,2026-01-30 14:00:00,978
PR001467,M002,P008,2026-01-30 06:00:00,2026-01-30 09:00:00,447
PR001468,M002,P002,2026-01-30 06:00:00,2026-01-30 09:00:00,280
PR001469,M003,P003,2026-01-30 13:00:00,2026-01-30 17:00:00,207
PR001470,M003,P002,2026-01-30 15:00:00,2026-01-30 18:00:00,395
PR001471,M003,P003,2026-01-30 16:00:00,2026-01-30 19:00:00,592
PR001472,M004,P002,2026-01-30 16:00:00,2026-01-30 17:00:00,281
PR001473,M004,P004,2026-01-30 06:00:00,2026-01-30 10:00:00,997
PR001474,M004,P006,2026-01-30 11:00:00,2026-01-30 13:00:00,695
PR001475,M007,P008,2026-01-30 13:00:00,2026-01-30 14:00:00,944
PR001476,M007,P007,2026-01-30 14:00:00,2026-01-30 16:00:00,653
PR001477,M007,P005,2026-01-30 10:00:00,2026-01-30 12:00:00,819
PR001478,M008,P008,2026-01-30 16:00:00,2026-01-30 19:00:00,652
PR001479,M008,P001,2026-01-30 07:00:00,2026-01-30 11:00:00,573
PR001480,M008,P001,2026-01-30 07:00:00,2026-01-30 11:00:00,523
PR001481,M009,P002,2026-01-30 15:00:00,2026-01-30 19:00:00,604
PR001482,M009,P002,2026-01-30 09:00:00,2026-01-30 12:00:00,159
PR001483,M010,P001,2026-01-30 16:00:00,2026-01-30 18:00:00,770
PR001484,M010,P007,2026-01-30 19:00:00,2026-01-30 21:00:00,384
PR001485,M010,P004,2026-01-30 17:00:00,2026-01-30 18:00:00,255
PR001486,M011,P005,2026-01-30 15:00:00,2026-01-30 17:00:00,945
PR001487,M011,P008,2026-01-30 07:00:00,2026-01-30 11:00:00,773
PR001488,M012,P005,2026-01-30 13:00:00,2026-01-30 15:00:00,135
PR001489,M012,P007,2026-01-30 09:00:00,2026-01-30 11:00:00,305
PR001490,M012,P001,2026-01-30 18:00:00,2026-01-30 22:00:00,539
PR001491,M013,P006,2026-01-30 09:00:00,2026-01-30 13:00:00,629
PR001492,M013,P005,2026-01-30 08:00:00,2026-01-30 11:00:00,579
PR001493,M014,P008,2026-01-30 10:00:00,2026-01-30 14:00:00,760
PR001494,M014,P007,2026-01-30 08:00:00,2026-01-30 10:00:00,842
PR001495,M014,P008,2026-01-30 19:00:00,2026-01-30 21:00:00,495
PR001496,M014,P006,2026-01-30 06:00:00,2026-01-30 07:00:00,698
PR001497,M017,P004,2026-01-30 14:00:00,2026-01-30 16:00:00,594
PR001498,M017,P003,2026-01-30 07:00:00,2026-01-30 08:00:00,208
PR001499,M018,P001,2026-01-30 19:00:00,2026-01-30 22:00:00,142
PR001500,M018,P001,2026-01-30 10:00:00,2026-01-30 13:00:00,454
PR001501,M018,P006,2026-01-30 17:00:00,2026-01-30 20:00:00,209
PR001502,M018,P008,2026-01-30 19:00:00,2026-01-30 22:00:00,899
PR001503,M019,P006,2026-01-30 10:00:00,2026-01-30 11:00:00,896
PR001504,M019,P002,2026-01-30 14:00:00,2026-01-30 17:00:00,889
PR001505,M019,P003,2026-01-30 18:00:00,2026-01-30 19:00:00,607
PR001506,M019,P001,2026-01-30 14:00:00,2026-01-30 18:00:00,346
PR001507,M020,P008,2026-01-30 16:00:00,2026-01-30 19:00:00,665
PR001508,M020,P002,2026-01-30 16:00:00,2026-01-30 17:00:00,153
PR001509,M020,P003,2026-01-30 08:00:00,2026-01-30 12:00:00,657
PR001510,M020,P005,2026-01-30 06:00:00,2026-01-30 09:00:00,157
