inspection_id,production_id,machine_id,inspection_timestamp,quality_score,defect_type,passed
QI000001,PR000001,M001,2026-01-01 20:00:00,99.26,None,True
QI000002,PR000002,M001,2026-01-01 14:00:00,93.98,None,True
QI000003,PR000003,M003,2026-01-01 12:00:00,87.34,None,True
QI000004,PR000004,M003,2026-01-01 19:00:00,97.99,None,True
QI000005,PR000005,M003,2026-01-01 18:00:00,95.62,None,True
QI000006,PR000006,M003,2026-01-01 17:00:00,99.55,None,True
QI000007,PR000007,M005,2026-01-01 19:00:00,88.19,None,True
QI000008,PR000008,M005,2026-01-01 21:00:00,87.75,None,True
QI000009,PR000009,M005,2026-01-01 12:00:00,92.87,None,True
QI000010,PR000010,M005,2026-01-01 17:00:00,89.37,None,True
QI000011,PR000011,M006,2026-01-01 14:00:00,87.09,None,True
QI000012,PR000012,M006,2026-01-01 19:00:00,90.5,None,True
QI000013,PR000013,M007,2026-01-01 11:00:00,96.78,None,True
QI000014,PR000014,M007,2026-01-01 20:00:00,92.71,None,True
QI000015,PR000015,M008,2026-01-01 20:00:00,85.7,None,True
QI000016,PR000016,M008,2026-01-01 11:00:00,87.56,None,True
QI000017,PR000017,M008,2026-01-01 19:00:00,99.23,None,True
QI000018,PR000018,M008,2026-01-01 09:00:00,97.13,None,True
QI000019,PR000019,M009,2026-01-01 15:00:00,86.47,None,True
QI000020,PR000020,M009,2026-01-01 16:00:00,91.6,None,True
QI000021,PR000021,M009,2026-01-01 20:00:00,92.43,None,True
QI000022,PR000022,M010,2026-01-01 21:00:00,98.64,None,True
QI000023,PR000023,M010,2026-01-01 15:00:00,94.94,None,True
QI000024,PR000024,M012,2026-01-01 21:00:00,92.8,None,True
QI000025,PR000025,M012,2026-01-01 19:00:00,87.77,None,True
QI000026,PR000026,M013,2026-01-01 17:00:00,96.63,None,True
QI000027,PR000027,M013,2026-01-01 16:00:00,98.42,None,True
QI000028,PR000028,M014,2026-01-01 10:00:00,98.83,None,True
QI000029,PR000029,M014,2026-01-01 23:00:00,87.94,None,True
QI000030,PR000030,M014,2026-01-01 21:00:00,89.88,None,True
QI000031,PR000031,M015,2026-01-01 13:00:00,89.07,None,True
QI000032,PR000032,M015,2026-01-01 07:00:00,90.35,None,True
QI000033,PR000033,M015,2026-01-01 22:00:00,93.14,None,True
QI000034,PR000034,M015,2026-01-01 17:00:00,97.03,None,True
QI000035,PR000035,M016,2026-01-01 10:00:00,99.8,None,True
QI000036,PR000036,M016,2026-01-01 20:00:00,87.98,None,True
QI000037,PR000037,M016,2026-01-01 21:00:00,75.88,Dimensional Error,False
QI000038,PR000038,M016,2026-01-01 10:00:00,96.85,None,True
QI000039,PR000039,M017,2026-01-01 19:00:00,98.89,None,True
QI000040,PR000040,M017,2026-01-01 20:00:00,98.72,None,True
QI000041,PR000041,M017,2026-01-01 21:00:00,91.74,None,True
QI000042,PR000042,M018,2026-01-01 18:00:00,90.56,None,True
QI000043,PR000043,M018,2026-01-01 14:00:00,94.99,None,True
QI000044,PR000044,M018,2026-01-01 17:00:00,89.12,None,True
QI000045,PR000045,M018,2026-01-01 19:00:00,90.74,None,True
QI000046,PR000046,M019,2026-01-01 16:00:00,97.73,None,True
QI000047,PR000047,M019,2026-01-01 10:00:00,88.54,None,True
QI000048,PR000048,M019,2026-01-01 18:00:00,85.61,None,True
QI000049,PR000049,M019,2026-01-01 14:00:00,86.66,None,True
QI000050,PR000050,M001,2026-01-02 14:00:00,88.03,None,True
QI000051,PR000051,M001,2026-01-02 11:00:00,92.13,None,True
QI000052,PR000052,M001,2026-01-02 08:00:00,95.43,None,True
QI000053,PR000053,M003,2026-01-02 09:00:00,94.07,None,True
QI000054,PR000054,M003,2026-01-02 14:00:00,88.05,None,True
QI000055,PR000055,M004,2026-01-02 12:00:00,93.98,None,True
QI000056,PR000056,M004,2026-01-02 17:00:00,98.21,None,True
QI000057,PR000057,M004,2026-01-02 14:00:00,89.43,None,True
QI000058,PR000058,M004,2026-01-02 13:00:00,91.85,None,True
QI000059,PR000059,M005,2026-01-02 20:00:00,91.25,None,True
QI000060,PR000060,M005,2026-01-02 21:00:00,89.87,None,True
QI000061,PR000061,M006,2026-01-02 18:00:00,90.34,None,True
QI000062,PR000062,M006,2026-01-02 13:00:00,89.08,None,True
QI000063,PR000063,M006,2026-01-02 15:00:00,85.01,None,True
QI000064,PR000064,M006,2026-01-02 11:00:00,89.57,None,True
QI000065,PR000065,M007,2026-01-02 10:00:00,93.01,None,True
QI000066,PR000066,M007,2026-01-02 18:00:00,95.39,None,True
QI000067,PR000067,M008,2026-01-02 13:00:00,88.66,None,True
QI000068,PR000068,M008,2026-01-02 10:00:00,88.28,None,True
QI000069,PR000069,M009,2026-01-02 13:00:00,91.06,None,True
QI000070,PR000070,M009,2026-01-02 12:00:00,88.81,None,True
QI000071,PR000071,M009,2026-01-02 13:00:00,95.44,None,True
QI000072,PR000072,M009,2026-01-02 10:00:00,87.22,None,True
QI000073,PR000073,M010,2026-01-02 17:00:00,89.0,None,True
QI000074,PR000074,M010,2026-01-02 20:00:00,91.17,None,True
QI000075,PR000075,M010,2026-01-02 20:00:00,90.18,None,True
QI000076,PR000076,M011,2026-01-02 12:00:00,95.21,None,True
QI000077,PR000077,M011,2026-01-02 10:00:00,91.72,None,True
QI000078,PR000078,M011,2026-01-02 14:00:00,93.89,None,True
QI000079,PR000079,M012,2026-01-02 10:00:00,90.54,None,True
QI000080,PR000080,M012,2026-01-02 20:00:00,97.05,None,True
QI000081,PR000081,M012,2026-01-02 14:00:00,99.75,None,True
QI000082,PR000082,M012,2026-01-02 13:00:00,97.25,None,True
QI000083,PR000083,M013,2026-01-02 18:00:00,87.26,None,True
QI000084,PR000084,M013,2026-01-02 10:00:00,95.44,None,True
QI000085,PR000085,M013,2026-01-02 07:00:00,89.89,None,True
QI000086,PR000086,M013,2026-01-02 12:00:00,95.67,None,True
QI000087,PR000087,M014,2026-01-02 21:00:00,90.23,None,True
QI000088,PR000088,M014,2026-01-02 20:00:00,99.11,None,True
QI000089,PR000089,M015,2026-01-02 14:00:00,92.77,None,True
QI000090,PR000090,M015,2026-01-02 13:00:00,95.14,None,True
QI000091,PR000091,M016,2026-01-02 19:00:00,88.14,None,True
QI000092,PR000092,M016,2026-01-02 12:00:00,95.44,None,True
QI000093,PR000093,M016,2026-01-02 18:00:00,87.62,None,True
QI000094,PR000094,M016,2026-01-02 12:00:00,92.75,None,True
QI000095,PR000095,M017,2026-01-02 14:00:00,99.94,None,True
QI000096,PR000096,M017,2026-01-02 17:00:00,93.37,None,True
QI000097,PR000097,M017,2026-01-02 07:00:00,87.83,None,True
QI000098,PR000098,M017,2026-01-02 13:00:00,95.51,None,True
QI000099,PR000099,M018,2026-01-02 18:00:00,97.84,None,True
QI000100,PR000100,M018,2026-01-02 18:00:00,98.32,None,True
QI000101,PR000101,M018,2026-01-02 22:00:00,99.03,None,True
QI000102,PR000102,M019,2026-01-02 20:00:00,95.03,None,True
QI000103,PR000103,M019,2026-01-02 19:00:00,90.58,None,True
QI000104,PR000104,M019,2026-01-02 15:00:00,99.6,None,True
QI000105,PR000105,M020,2026-01-02 20:00:00,89.58,None,True
QI000106,PR000106,M020,2026-01-02 17:00:00,91.73,None,True
QI000107,PR000107,M020,2026-01-02 17:00:00,87.64,None,True
QI000108,PR000108,M020,2026-01-02 20:00:00,61.73,Material Defect,False
QI000109,PR000109,M001,2026-01-03 16:00:00,96.16,None,True
QI000110,PR000110,M001,2026-01-03 11:00:00,89.62,None,True
QI000111,PR000111,M002,2026-01-03 11:00:00,92.63,None,True
QI000112,PR000112,M002,2026-01-03 09:00:00,88.76,None,True
QI000113,PR000113,M003,2026-01-03 14:00:00,99.68,None,True
QI000114,PR000114,M003,2026-01-03 12:00:00,98.59,None,True
QI000115,PR000115,M003,2026-01-03 18:00:00,90.25,None,True
QI000116,PR000116,M004,2026-01-03 11:00:00,95.03,None,True
QI000117,PR000117,M004,2026-01-03 18:00:00,88.45,None,True
QI000118,PR000118,M004,2026-01-03 10:00:00,93.58,None,True
QI000119,PR000119,M004,2026-01-03 12:00:00,85.65,None,True
QI000120,PR000120,M006,2026-01-03 12:00:00,92.05,None,True
QI000121,PR000121,M006,2026-01-03 23:00:00,98.25,None,True
QI000122,PR000122,M006,2026-01-03 08:00:00,99.3,None,True
QI000123,PR000123,M006,2026-01-03 10:00:00,93.29,None,True
QI000124,PR000124,M008,2026-01-03 10:00:00,99.7,None,True
QI000125,PR000125,M008,2026-01-03 13:00:00,89.59,None,True
QI000126,PR000126,M008,2026-01-03 12:00:00,89.03,None,True
QI000127,PR000127,M008,2026-01-03 12:00:00,90.59,None,True
QI000128,PR000128,M009,2026-01-03 14:00:00,97.66,None,True
QI000129,PR000129,M009,2026-01-03 17:00:00,86.06,None,True
QI000130,PR000130,M011,2026-01-03 13:00:00,95.07,None,True
QI000131,PR000131,M011,2026-01-03 18:00:00,88.81,None,True
QI000132,PR000132,M011,2026-01-03 14:00:00,89.84,None,True
QI000133,PR000133,M011,2026-01-03 10:00:00,87.05,None,True
QI000134,PR000134,M012,2026-01-03 20:00:00,93.29,None,True
QI000135,PR000135,M012,2026-01-03 21:00:00,91.3,None,True
QI000136,PR000136,M013,2026-01-03 14:00:00,94.17,None,True
QI000137,PR000137,M013,2026-01-03 10:00:00,85.08,None,True
QI000138,PR000138,M013,2026-01-03 11:00:00,87.91,None,True
QI000139,PR000139,M014,2026-01-03 17:00:00,90.95,None,True
QI000140,PR000140,M014,2026-01-03 19:00:00,98.3,None,True
QI000141,PR000141,M015,2026-01-03 09:00:00,93.68,None,True
QI000142,PR000142,M015,2026-01-03 09:00:00,95.08,None,True
QI000143,PR000143,M015,2026-01-03 14:00:00,87.33,None,True
QI000144,PR000144,M015,2026-01-03 18:00:00,97.58,None,True
QI000145,PR000145,M016,2026-01-03 16:00:00,88.75,None,True
QI000146,PR000146,M016,2026-01-03 23:00:00,89.55,None,True
QI000147,PR000147,M016,2026-01-03 12:00:00,89.9,None,True
QI000148,PR000148,M016,2026-01-03 10:00:00,89.07,None,True
QI000149,PR000149,M017,2026-01-03 16:00:00,91.86,None,True
QI000150,PR000150,M017,2026-01-03 12:00:00,87.92,None,True
QI000151,PR000151,M020,2026-01-03 14:00:00,95.49,None,True
QI000152,PR000152,M020,2026-01-03 17:00:00,86.99,None,True
QI000153,PR000153,M020,2026-01-03 17:00:00,95.72,None,True
QI000154,PR000154,M020,2026-01-03 16:00:00,90.98,None,True
QI000155,PR000155,M001,2026-01-04 10:00:00,96.16,None,True
QI000156,PR000156,M001,2026-01-04 17:00:00,87.77,None,True
QI000157,PR000157,M001,2026-01-04 20:00:00,91.42,None,True
QI000158,PR000158,M001,2026-01-04 22:00:00,85.87,None,True
QI000159,PR000159,M002,2026-01-04 08:00:00,91.64,None,True
QI000160,PR000160,M002,2026-01-04 14:00:00,86.41,None,True
QI000161,PR000161,M002,2026-01-04 19:00:00,99.02,None,True
QI000162,PR000162,M003,2026-01-04 15:00:00,92.75,None,True
QI000163,PR000163,M003,2026-01-04 15:00:00,91.54,None,True
QI000164,PR000164,M003,2026-01-04 22:00:00,85.72,None,True
QI000165,PR000165,M003,2026-01-04 18:00:00,87.38,None,True
QI000166,PR000166,M005,2026-01-04 11:00:00,90.13,None,True
QI000167,PR000167,M005,2026-01-04 13:00:00,86.41,None,True
QI000168,PR000168,M006,2026-01-04 09:00:00,99.69,None,True
QI000169,PR000169,M006,2026-01-04 17:00:00,85.26,None,True
QI000170,PR000170,M006,2026-01-04 18:00:00,97.1,None,True
QI000171,PR000171,M006,2026-01-04 19:00:00,91.97,None,True
QI000172,PR000172,M007,2026-01-04 14:00:00,85.72,None,True
QI000173,PR000173,M007,2026-01-04 20:00:00,98.3,None,True
QI000174,PR000174,M007,2026-01-04 11:00:00,85.23,None,True
QI000175,PR000175,M007,2026-01-04 10:00:00,92.52,None,True
QI000176,PR000176,M008,2026-01-04 07:00:00,95.26,None,True
QI000177,PR000177,M008,2026-01-04 12:00:00,99.16,None,True
QI000178,PR000178,M008,2026-01-04 20:00:00,98.01,None,True
QI000179,PR000179,M008,2026-01-04 15:00:00,97.01,None,True
QI000180,PR000180,M009,2026-01-04 21:00:00,93.6,None,True
QI000181,PR000181,M009,2026-01-04 19:00:00,97.17,None,True
QI000182,PR000182,M009,2026-01-04 18:00:00,94.39,None,True
QI000183,PR000183,M010,2026-01-04 07:00:00,94.77,None,True
QI000184,PR000184,M010,2026-01-04 21:00:00,89.11,None,True
QI000185,PR000185,M010,2026-01-04 20:00:00,90.66,None,True
QI000186,PR000186,M011,2026-01-04 16:00:00,94.27,None,True
QI000187,PR000187,M011,2026-01-04 21:00:00,94.84,None,True
QI000188,PR000188,M011,2026-01-04 13:00:00,95.22,None,True
QI000189,PR000189,M011,2026-01-04 08:00:00,88.91,None,True
QI000190,PR000190,M012,2026-01-04 18:00:00,95.39,None,True
QI000191,PR000191,M012,2026-01-04 19:00:00,99.05,None,True
QI000192,PR000192,M018,2026-01-04 12:00:00,91.27,None,True
QI000193,PR000193,M018,2026-01-04 13:00:00,93.22,None,True
QI000194,PR000194,M019,2026-01-04 07:00:00,93.53,None,True
QI000195,PR000195,M019,2026-01-04 20:00:00,95.97,None,True
QI000196,PR000196,M019,2026-01-04 22:00:00,88.75,None,True
QI000197,PR000197,M019,2026-01-04 10:00:00,98.01,None,True
QI000198,PR000198,M020,2026-01-04 17:00:00,88.58,None,True
QI000199,PR000199,M020,2026-01-04 14:00:00,96.1,None,True
QI000200,PR000200,M020,2026-01-04 18:00:00,90.67,None,True
QI000201,PR000201,M020,2026-01-04 12:00:00,92.45,None,True
QI000202,PR000202,M001,2026-01-05 15:00:00,89.46,None,True
QI000203,PR000203,M001,2026-01-05 21:00:00,85.8,None,True
QI000204,PR000204,M001,2026-01-05 14:00:00,97.71,None,True
QI000205,PR000205,M001,2026-01-05 09:00:00,99.35,None,True
QI000206,PR000206,M002,2026-01-05 19:00:00,92.24,None,True
QI000207,PR000207,M002,2026-01-05 10:00:00,86.25,None,True
QI000208,PR000208,M002,2026-01-05 16:00:00,94.04,None,True
QI000209,PR000209,M002,2026-01-05 18:00:00,88.19,None,True
QI000210,PR000210,M003,2026-01-05 14:00:00,96.72,None,True
QI000211,PR000211,M003,2026-01-05 21:00:00,98.96,None,True
QI000212,PR000212,M003,2026-01-05 12:00:00,99.94,None,True
QI000213,PR000213,M004,2026-01-05 19:00:00,96.06,None,True
QI000214,PR000214,M004,2026-01-05 15:00:00,95.59,None,True
QI000215,PR000215,M004,2026-01-05 18:00:00,95.32,None,True
QI000216,PR000216,M004,2026-01-05 17:00:00,98.0,None,True
QI000217,PR000217,M005,2026-01-05 17:00:00,91.39,None,True
QI000218,PR000218,M005,2026-01-05 20:00:00,90.95,None,True
QI000219,PR000219,M005,2026-01-05 11:00:00,87.2,None,True
QI000220,PR000220,M005,2026-01-05 16:00:00,88.5,None,True
QI000221,PR000221,M006,2026-01-05 18:00:00,97.95,None,True
QI000222,PR000222,M006,2026-01-05 08:00:00,88.55,None,True
QI000223,PR000223,M007,2026-01-05 16:00:00,93.88,None,True
QI000224,PR000224,M007,2026-01-05 14:00:00,95.62,None,True
QI000225,PR000225,M008,2026-01-05 08:00:00,90.67,None,True
QI000226,PR000226,M008,2026-01-05 14:00:00,88.73,None,True
QI000227,PR000227,M009,2026-01-05 15:00:00,91.52,None,True
QI000228,PR000228,M009,2026-01-05 20:00:00,91.08,None,True
QI000229,PR000229,M009,2026-01-05 08:00:00,96.11,None,True
QI000230,PR000230,M009,2026-01-05 20:00:00,97.34,None,True
QI000231,PR000231,M010,2026-01-05 22:00:00,95.22,None,True
QI000232,PR000232,M010,2026-01-05 20:00:00,91.0,None,True
QI000233,PR000233,M010,2026-01-05 11:00:00,86.24,None,True
QI000234,PR000234,M010,2026-01-05 17:00:00,91.55,None,True
QI000235,PR000235,M012,2026-01-05 13:00:00,99.67,None,True
QI000236,PR000236,M012,2026-01-05 15:00:00,89.84,None,True
QI000237,PR000237,M012,2026-01-05 18:00:00,98.87,None,True
QI000238,PR000238,M012,2026-01-05 15:00:00,88.79,None,True
QI000239,PR000239,M013,2026-01-05 10:00:00,86.13,None,True
QI000240,PR000240,M013,2026-01-05 10:00:00,88.25,None,True
QI000241,PR000241,M013,2026-01-05 15:00:00,99.94,None,True
QI000242,PR000242,M014,2026-01-05 20:00:00,90.76,None,True
QI000243,PR000243,M014,2026-01-05 12:00:00,98.73,None,True
QI000244,PR000244,M014,2026-01-05 12:00:00,85.87,None,True
QI000245,PR000245,M015,2026-01-05 18:00:00,86.6,None,True
QI000246,PR000246,M015,2026-01-05 16:00:00,87.55,None,True
QI000247,PR000247,M015,2026-01-05 11:00:00,90.82,None,True
QI000248,PR000248,M016,2026-01-05 13:00:00,88.99,None,True
QI000249,PR000249,M016,2026-01-05 20:00:00,88.9,None,True
QI000250,PR000250,M016,2026-01-05 12:00:00,85.48,None,True
QI000251,PR000251,M016,2026-01-05 14:00:00,91.17,None,True
QI000252,PR000252,M017,2026-01-05 15:00:00,89.06,None,True
QI000253,PR000253,M017,2026-01-05 18:00:00,86.14,None,True
QI000254,PR000254,M017,2026-01-05 15:00:00,91.25,None,True
QI000255,PR000255,M017,2026-01-05 10:00:00,98.79,None,True
QI000256,PR000256,M019,2026-01-05 12:00:00,98.15,None,True
QI000257,PR000257,M019,2026-01-05 10:00:00,87.47,None,True
QI000258,PR000258,M019,2026-01-05 13:00:00,96.66,None,True
QI000259,PR000259,M001,2026-01-06 15:00:00,99.78,None,True
QI000260,PR000260,M001,2026-01-06 11:00:00,96.24,None,True
QI000261,PR000261,M002,2026-01-06 15:00:00,97.44,None,True
QI000262,PR000262,M002,2026-01-06 07:00:00,85.95,None,True
QI000263,PR000263,M002,2026-01-06 19:00:00,87.01,None,True
QI000264,PR000264,M003,2026-01-06 11:00:00,43.32,Material Defect,False
QI000265,PR000265,M003,2026-01-06 17:00:00,100.0,None,True
QI000266,PR000266,M004,2026-01-06 15:00:00,93.33,None,True
QI000267,PR000267,M004,2026-01-06 22:00:00,99.17,None,True
QI000268,PR000268,M004,2026-01-06 13:00:00,88.71,None,True
QI000269,PR000269,M004,2026-01-06 17:00:00,86.94,None,True
QI000270,PR000270,M005,2026-01-06 11:00:00,94.09,None,True
QI000271,PR000271,M005,2026-01-06 15:00:00,95.08,None,True
QI000272,PR000272,M006,2026-01-06 15:00:00,90.37,None,True
QI000273,PR000273,M006,2026-01-06 15:00:00,95.07,None,True
QI000274,PR000274,M007,2026-01-06 14:00:00,96.58,None,True
QI000275,PR000275,M007,2026-01-06 15:00:00,97.78,None,True
QI000276,PR000276,M007,2026-01-06 11:00:00,93.41,None,True
QI000277,PR000277,M008,2026-01-06 19:00:00,91.05,None,True
QI000278,PR000278,M008,2026-01-06 20:00:00,85.43,None,True
QI000279,PR000279,M008,2026-01-06 15:00:00,94.3,None,True
QI000280,PR000280,M008,2026-01-06 08:00:00,88.19,None,True
QI000281,PR000281,M009,2026-01-06 18:00:00,85.22,None,True
QI000282,PR000282,M009,2026-01-06 12:00:00,93.85,None,True
QI000283,PR000283,M010,2026-01-06 22:00:00,91.56,None,True
QI000284,PR000284,M010,2026-01-06 13:00:00,90.22,None,True
QI000285,PR000285,M010,2026-01-06 19:00:00,96.75,None,True
QI000286,PR000286,M010,2026-01-06 13:00:00,94.33,None,True
QI000287,PR000287,M011,2026-01-06 21:00:00,99.24,None,True
QI000288,PR000288,M011,2026-01-06 15:00:00,98.9,None,True
QI000289,PR000289,M011,2026-01-06 17:00:00,88.87,None,True
QI000290,PR000290,M011,2026-01-06 16:00:00,99.7,None,True
QI000291,PR000291,M013,2026-01-06 21:00:00,89.93,None,True
QI000292,PR000292,M013,2026-01-06 10:00:00,88.6,None,True
QI000293,PR000293,M013,2026-01-06 16:00:00,86.93,None,True
QI000294,PR000294,M013,2026-01-06 20:00:00,87.28,None,True
QI000295,PR000295,M014,2026-01-06 23:00:00,94.61,None,True
QI000296,PR000296,M014,2026-01-06 19:00:00,90.19,None,True
QI000297,PR000297,M015,2026-01-06 23:00:00,92.11,None,True
QI000298,PR000298,M015,2026-01-06 15:00:00,87.58,None,True
QI000299,PR000299,M015,2026-01-06 15:00:00,85.61,None,True
QI000300,PR000300,M017,2026-01-06 12:00:00,89.18,None,True
QI000301,PR000301,M017,2026-01-06 10:00:00,86.33,None,True
QI000302,PR000302,M018,2026-01-06 10:00:00,91.91,None,True
QI000303,PR000303,M018,2026-01-06 10:00:00,90.46,None,True
QI000304,PR000304,M018,2026-01-06 10:00:00,95.36,None,True
QI000305,PR000305,M018,2026-01-06 16:00:00,96.99,None,True
QI000306,PR000306,M019,2026-01-06 21:00:00,86.23,None,True
QI000307,PR000307,M019,2026-01-06 19:00:00,98.81,None,True
QI000308,PR000308,M020,2026-01-06 10:00:00,89.15,None,True
QI000309,PR000309,M020,2026-01-06 20:00:00,96.22,None,True
QI000310,PR000310,M001,2026-01-07 20:00:00,88.14,None,True
QI000311,PR000311,M001,2026-01-07 20:00:00,92.27,None,True
QI000312,PR000312,M002,2026-01-07 07:00:00,90.53,None,True
QI000313,PR000313,M002,2026-01-07 16:00:00,96.21,None,True
QI000314,PR000314,M003,2026-01-07 09:00:00,88.79,None,True
QI000315,PR000315,M003,2026-01-07 08:00:00,98.43,None,True
QI000316,PR000316,M003,2026-01-07 11:00:00,92.98,None,True
QI000317,PR000317,M003,2026-01-07 14:00:00,91.71,None,True
QI000318,PR000318,M004,2026-01-07 18:00:00,88.64,None,True
QI000319,PR000319,M004,2026-01-07 18:00:00,90.66,None,True
QI000320,PR000320,M004,2026-01-07 21:00:00,89.83,None,True
QI000321,PR000321,M005,2026-01-07 17:00:00,89.91,None,True
QI000322,PR000322,M005,2026-01-07 15:00:00,98.36,None,True
QI000323,PR000323,M006,2026-01-07 13:00:00,95.19,None,True
QI000324,PR000324,M006,2026-01-07 20:00:00,92.48,None,True
QI000325,PR000325,M007,2026-01-07 15:00:00,93.06,None,True
QI000326,PR000326,M007,2026-01-07 13:00:00,96.18,None,True
QI000327,PR000327,M007,2026-01-07 12:00:00,86.91,None,True
QI000328,PR000328,M008,2026-01-07 18:00:00,90.45,None,True
QI000329,PR000329,M008,2026-01-07 13:00:00,93.56,None,True
QI000330,PR000330,M008,2026-01-07 12:00:00,99.8,None,True
QI000331,PR000331,M008,2026-01-07 09:00:00,88.56,None,True
QI000332,PR000332,M009,2026-01-07 18:00:00,87.29,None,True
QI000333,PR000333,M009,2026-01-07 15:00:00,87.41,None,True
QI000334,PR000334,M009,2026-01-07 11:00:00,89.28,None,True
QI000335,PR000335,M009,2026-01-07 16:00:00,98.45,None,True
QI000336,PR000336,M010,2026-01-07 15:00:00,92.87,None,True
QI000337,PR000337,M010,2026-01-07 17:00:00,99.74,None,True
QI000338,PR000338,M010,2026-01-07 22:00:00,90.97,None,True
QI000339,PR000339,M011,2026-01-07 08:00:00,97.98,None,True
QI000340,PR000340,M011,2026-01-07 08:00:00,88.87,None,True
QI000341,PR000341,M011,2026-01-07 16:00:00,95.03,None,True
QI000342,PR000342,M011,2026-01-07 23:00:00,93.35,None,True
QI000343,PR000343,M012,2026-01-07 13:00:00,89.2,None,True
QI000344,PR000344,M012,2026-01-07 11:00:00,87.81,None,True
QI000345,PR000345,M012,2026-01-07 10:00:00,91.38,None,True
QI000346,PR000346,M013,2026-01-07 19:00:00,88.64,None,True
QI000347,PR000347,M013,2026-01-07 17:00:00,94.16,None,True
QI000348,PR000348,M013,2026-01-07 14:00:00,93.72,None,True
QI000349,PR000349,M014,2026-01-07 13:00:00,92.22,None,True
QI000350,PR000350,M014,2026-01-07 16:00:00,85.78,None,True
QI000351,PR000351,M015,2026-01-07 19:00:00,87.02,None,True
QI000352,PR000352,M015,2026-01-07 09:00:00,99.85,None,True
QI000353,PR000353,M015,2026-01-07 16:00:00,97.15,None,True
QI000354,PR000354,M016,2026-01-07 19:00:00,95.22,None,True
QI000355,PR000355,M016,2026-01-07 13:00:00,93.93,None,True
QI000356,PR000356,M017,2026-01-07 14:00:00,91.18,None,True
QI000357,PR000357,M017,2026-01-07 12:00:00,98.94,None,True
QI000358,PR000358,M017,2026-01-07 12:00:00,99.48,None,True
QI000359,PR000359,M018,2026-01-07 18:00:00,95.96,None,True
QI000360,PR000360,M018,2026-01-07 08:00:00,87.72,None,True
QI000361,PR000361,M019,2026-01-07 15:00:00,96.12,None,True
QI000362,PR000362,M019,2026-01-07 17:00:00,97.63,None,True
QI000363,PR000363,M002,2026-01-08 11:00:00,96.93,None,True
QI000364,PR000364,M002,2026-01-08 20:00:00,87.45,None,True
QI000365,PR000365,M002,2026-01-08 08:00:00,97.22,None,True
QI000366,PR000366,M003,2026-01-08 16:00:00,92.85,None,True
QI000367,PR000367,M003,2026-01-08 11:00:00,98.16,None,True
QI000368,PR000368,M003,2026-01-08 15:00:00,97.25,None,True
QI000369,PR000369,M004,2026-01-08 20:00:00,90.65,None,True
QI000370,PR000370,M004,2026-01-08 15:00:00,89.52,None,True
QI000371,PR000371,M006,2026-01-08 14:00:00,92.54,None,True
QI000372,PR000372,M006,2026-01-08 14:00:00,98.49,None,True
QI000373,PR000373,M007,2026-01-08 15:00:00,93.15,None,True
QI000374,PR000374,M007,2026-01-08 20:00:00,94.36,None,True
QI000375,PR000375,M007,2026-01-08 12:00:00,99.1,None,True
QI000376,PR000376,M007,2026-01-08 18:00:00,90.02,None,True
QI000377,PR000377,M008,2026-01-08 21:00:00,96.91,None,True
QI000378,PR000378,M008,2026-01-08 09:00:00,93.0,None,True
QI000379,PR000379,M008,2026-01-08 18:00:00,96.83,None,True
QI000380,PR000380,M008,2026-01-08 14:00:00,89.68,None,True
QI000381,PR000381,M009,2026-01-08 08:00:00,96.16,None,True
QI000382,PR000382,M009,2026-01-08 19:00:00,93.55,None,True
QI000383,PR000383,M011,2026-01-08 19:00:00,98.15,None,True
QI000384,PR000384,M011,2026-01-08 11:00:00,97.32,None,True
QI000385,PR000385,M011,2026-01-08 19:00:00,97.7,None,True
QI000386,PR000386,M015,2026-01-08 16:00:00,90.96,None,True
QI000387,PR000387,M015,2026-01-08 11:00:00,87.25,None,True
QI000388,PR000388,M015,2026-01-08 20:00:00,95.83,None,True
QI000389,PR000389,M015,2026-01-08 11:00:00,94.62,None,True
QI000390,PR000390,M016,2026-01-08 12:00:00,93.14,None,True
QI000391,PR000391,M016,2026-01-08 07:00:00,90.19,None,True
QI000392,PR000392,M017,2026-01-08 11:00:00,98.63,None,True
QI000393,PR000393,M017,2026-01-08 16:00:00,91.01,None,True
QI000394,PR000394,M017,2026-01-08 16:00:00,99.21,None,True
QI000395,PR000395,M018,2026-01-08 13:00:00,93.79,None,True
QI000396,PR000396,M018,2026-01-08 10:00:00,94.17,None,True
QI000397,PR000397,M018,2026-01-08 13:00:00,78.37,Material Defect,False
QI000398,PR000398,M018,2026-01-08 18:00:00,98.78,None,True
QI000399,PR000399,M019,2026-01-08 18:00:00,85.35,None,True
QI000400,PR000400,M019,2026-01-08 11:00:00,96.57,None,True
QI000401,PR000401,M020,2026-01-08 12:00:00,86.03,None,True
QI000402,PR000402,M020,2026-01-08 21:00:00,86.56,None,True
QI000403,PR000403,M001,2026-01-09 10:00:00,98.66,None,True
QI000404,PR000404,M001,2026-01-09 10:00:00,88.54,None,True
QI000405,PR000405,M001,2026-01-09 21:00:00,87.79,None,True
QI000406,PR000406,M002,2026-01-09 10:00:00,89.98,None,True
QI000407,PR000407,M002,2026-01-09 11:00:00,88.41,None,True
QI000408,PR000408,M004,2026-01-09 17:00:00,90.69,None,True
QI000409,PR000409,M004,2026-01-09 13:00:00,88.08,None,True
QI000410,PR000410,M004,2026-01-09 20:00:00,94.06,None,True
QI000411,PR000411,M005,2026-01-09 09:00:00,91.22,None,True
QI000412,PR000412,M005,2026-01-09 22:00:00,98.84,None,True
QI000413,PR000413,M005,2026-01-09 14:00:00,92.21,None,True
QI000414,PR000414,M006,2026-01-09 12:00:00,93.81,None,True
QI000415,PR000415,M006,2026-01-09 16:00:00,98.69,None,True
QI000416,PR000416,M006,2026-01-09 15:00:00,93.66,None,True
QI000417,PR000417,M007,2026-01-09 19:00:00,85.51,None,True
QI000418,PR000418,M007,2026-01-09 21:00:00,96.71,None,True
QI000419,PR000419,M008,2026-01-09 18:00:00,88.3,None,True
QI000420,PR000420,M008,2026-01-09 13:00:00,92.73,None,True
QI000421,PR000421,M008,2026-01-09 17:00:00,91.88,None,True
QI000422,PR000422,M008,2026-01-09 17:00:00,97.91,None,True
QI000423,PR000423,M009,2026-01-09 11:00:00,87.77,None,True
QI000424,PR000424,M009,2026-01-09 19:00:00,89.65,None,True
QI000425,PR000425,M009,2026-01-09 11:00:00,91.4,None,True
QI000426,PR000426,M009,2026-01-09 17:00:00,90.24,None,True
QI000427,PR000427,M011,2026-01-09 12:00:00,94.37,None,True
QI000428,PR000428,M011,2026-01-09 22:00:00,97.55,None,True
QI000429,PR000429,M012,2026-01-09 21:00:00,89.41,None,True
QI000430,PR000430,M012,2026-01-09 11:00:00,92.91,None,True
QI000431,PR000431,M012,2026-01-09 13:00:00,92.22,None,True
QI000432,PR000432,M012,2026-01-09 12:00:00,96.48,None,True
QI000433,PR000433,M013,2026-01-09 17:00:00,90.02,None,True
QI000434,PR000434,M013,2026-01-09 19:00:00,96.3,None,True
QI000435,PR000435,M014,2026-01-09 22:00:00,98.46,None,True
QI000436,PR000436,M014,2026-01-09 12:00:00,97.01,None,True
QI000437,PR000437,M014,2026-01-09 13:00:00,97.6,None,True
QI000438,PR000438,M014,2026-01-09 11:00:00,91.12,None,True
QI000439,PR000439,M015,2026-01-09 08:00:00,88.81,None,True
QI000440,PR000440,M015,2026-01-09 09:00:00,92.58,None,True
QI000441,PR000441,M015,2026-01-09 13:00:00,90.09,None,True
QI000442,PR000442,M016,2026-01-09 23:00:00,98.31,None,True
QI000443,PR000443,M016,2026-01-09 19:00:00,95.81,None,True
QI000444,PR000444,M016,2026-01-09 21:00:00,99.83,None,True
QI000445,PR000445,M017,2026-01-09 20:00:00,97.1,None,True
QI000446,PR000446,M017,2026-01-09 15:00:00,99.17,None,True
QI000447,PR000447,M018,2026-01-09 08:00:00,91.1,None,True
QI000448,PR000448,M018,2026-01-09 07:00:00,86.3,None,True
QI000449,PR000449,M018,2026-01-09 10:00:00,96.04,None,True
QI000450,PR000450,M019,2026-01-09 15:00:00,86.84,None,True
QI000451,PR000451,M019,2026-01-09 16:00:00,94.64,None,True
QI000452,PR000452,M019,2026-01-09 11:00:00,98.66,None,True
QI000453,PR000453,M020,2026-01-09 17:00:00,90.04,None,True
QI000454,PR000454,M020,2026-01-09 11:00:00,90.45,None,True
QI000455,PR000455,M002,2026-01-10 21:00:00,97.46,None,True
QI000456,PR000456,M002,2026-01-10 15:00:00,96.61,None,True
QI000457,PR000457,M002,2026-01-10 12:00:00,97.92,None,True
QI000458,PR000458,M003,2026-01-10 19:00:00,99.62,None,True
QI000459,PR000459,M003,2026-01-10 09:00:00,86.71,None,True
QI000460,PR000460,M003,2026-01-10 22:00:00,99.78,None,True
QI000461,PR000461,M003,2026-01-10 17:00:00,87.73,None,True
QI000462,PR000462,M004,2026-01-10 16:00:00,92.69,None,True
QI000463,PR000463,M004,2026-01-10 14:00:00,95.48,None,True
QI000464,PR000464,M005,2026-01-10 13:00:00,88.27,None,True
QI000465,PR000465,M005,2026-01-10 08:00:00,91.33,None,True
QI000466,PR000466,M005,2026-01-10 08:00:00,98.51,None,True
QI000467,PR000467,M005,2026-01-10 15:00:00,95.25,None,True
QI000468,PR000468,M006,2026-01-10 09:00:00,92.94,None,True
QI000469,PR000469,M006,2026-01-10 21:00:00,92.47,None,True
QI000470,PR000470,M006,2026-01-10 18:00:00,91.08,None,True
QI000471,PR000471,M006,2026-01-10 16:00:00,95.8,None,True
QI000472,PR000472,M007,2026-01-10 12:00:00,87.1,None,True
QI000473,PR000473,M007,2026-01-10 16:00:00,89.0,None,True
QI000474,PR000474,M008,2026-01-10 11:00:00,88.76,None,True
QI000475,PR000475,M008,2026-01-10 15:00:00,92.41,None,True
QI000476,PR000476,M008,2026-01-10 11:00:00,97.57,None,True
QI000477,PR000477,M009,2026-01-10 18:00:00,96.56,None,True
QI000478,PR000478,M009,2026-01-10 18:00:00,90.31,None,True
QI000479,PR000479,M009,2026-01-10 18:00:00,87.77,None,True
QI000480,PR000480,M009,2026-01-10 10:00:00,96.56,None,True
QI000481,PR000481,M010,2026-01-10 14:00:00,97.56,None,True
QI000482,PR000482,M010,2026-01-10 16:00:00,98.73,None,True
QI000483,PR000483,M011,2026-01-10 10:00:00,94.16,None,True
QI000484,PR000484,M011,2026-01-10 14:00:00,90.95,None,True
QI000485,PR000485,M011,2026-01-10 19:00:00,87.03,None,True
QI000486,PR000486,M012,2026-01-10 09:00:00,89.05,None,True
QI000487,PR000487,M012,2026-01-10 20:00:00,87.43,None,True
QI000488,PR000488,M012,2026-01-10 22:00:00,97.7,None,True
QI000489,PR000489,M013,2026-01-10 13:00:00,87.32,None,True
QI000490,PR000490,M013,2026-01-10 09:00:00,92.11,None,True
QI000491,PR000491,M013,2026-01-10 11:00:00,90.27,None,True
QI000492,PR000492,M014,2026-01-10 11:00:00,95.57,None,True
QI000493,PR000493,M014,2026-01-10 18:00:00,91.9,None,True
QI000494,PR000494,M014,2026-01-10 12:00:00,86.17,None,True
QI000495,PR000495,M015,2026-01-10 09:00:00,82.58,Surface Defect,False
QI000496,PR000496,M015,2026-01-10 13:00:00,89.72,None,True
QI000497,PR000497,M016,2026-01-10 21:00:00,99.43,None,True
QI000498,PR000498,M016,2026-01-10 12:00:00,95.36,None,True
QI000499,PR000499,M016,2026-01-10 15:00:00,86.3,None,True
QI000500,PR000500,M017,2026-01-10 18:00:00,96.38,None,True
QI000501,PR000501,M017,2026-01-10 12:00:00,96.39,None,True
QI000502,PR000502,M017,2026-01-10 18:00:00,94.56,None,True
QI000503,PR000503,M017,2026-01-10 11:00:00,98.55,None,True
QI000504,PR000504,M018,2026-01-10 15:00:00,95.4,None,True
QI000505,PR000505,M018,2026-01-10 18:00:00,95.05,None,True
QI000506,PR000506,M019,2026-01-10 19:00:00,93.82,None,True
QI000507,PR000507,M019,2026-01-10 07:00:00,93.34,None,True
QI000508,PR000508,M020,2026-01-10 18:00:00,89.69,None,True
QI000509,PR000509,M020,2026-01-10 18:00:00,95.97,None,True
QI000510,PR000510,M001,2026-01-11 07:00:00,86.73,None,True
QI000511,PR000511,M001,2026-01-11 17:00:00,96.93,None,True
QI000512,PR000512,M002,2026-01-11 22:00:00,85.82,None,True
QI000513,PR000513,M002,2026-01-11 08:00:00,92.84,None,True
QI000514,PR000514,M002,2026-01-11 11:00:00,94.75,None,True
QI000515,PR000515,M002,2026-01-11 15:00:00,93.41,None,True
QI000516,PR000516,M003,2026-01-11 07:00:00,98.27,None,True
QI000517,PR000517,M003,2026-01-11 19:00:00,91.62,None,True
QI000518,PR000518,M004,2026-01-11 18:00:00,93.59,None,True
QI000519,PR000519,M004,2026-01-11 19:00:00,93.08,None,True
QI000520,PR000520,M004,2026-01-11 16:00:00,96.07,None,True
QI000521,PR000521,M004,2026-01-11 16:00:00,91.4,None,True
QI000522,PR000522,M008,2026-01-11 15:00:00,91.26,None,True
QI000523,PR000523,M008,2026-01-11 16:00:00,99.86,None,True
QI000524,PR000524,M008,2026-01-11 12:00:00,48.16,Surface Defect,False
QI000525,PR000525,M008,2026-01-11 08:00:00,96.98,None,True
QI000526,PR000526,M009,2026-01-11 21:00:00,90.26,None,True
QI000527,PR000527,M009,2026-01-11 16:00:00,91.03,None,True
QI000528,PR000528,M009,2026-01-11 20:00:00,94.41,None,True
QI000529,PR000529,M010,2026-01-11 09:00:00,99.76,None,True
QI000530,PR000530,M010,2026-01-11 20:00:00,91.27,None,True
QI000531,PR000531,M011,2026-01-11 19:00:00,96.06,None,True
QI000532,PR000532,M011,2026-01-11 15:00:00,86.66,None,True
QI000533,PR000533,M011,2026-01-11 19:00:00,89.31,None,True
QI000534,PR000534,M012,2026-01-11 11:00:00,88.5,None,True
QI000535,PR000535,M012,2026-01-11 23:00:00,85.27,None,True
QI000536,PR000536,M012,2026-01-11 13:00:00,91.42,None,True
QI000537,PR000537,M012,2026-01-11 17:00:00,95.19,None,True
QI000538,PR000538,M013,2026-01-11 14:00:00,99.25,None,True
QI000539,PR000539,M013,2026-01-11 10:00:00,86.34,None,True
QI000540,PR000540,M013,2026-01-11 13:00:00,98.19,None,True
QI000541,PR000541,M014,2026-01-11 09:00:00,92.01,None,True
QI000542,PR000542,M014,2026-01-11 19:00:00,87.51,None,True
QI000543,PR000543,M015,2026-01-11 17:00:00,88.48,None,True
QI000544,PR000544,M015,2026-01-11 17:00:00,94.74,None,True
QI000545,PR000545,M015,2026-01-11 18:00:00,92.69,None,True
QI000546,PR000546,M018,2026-01-11 21:00:00,87.65,None,True
QI000547,PR000547,M018,2026-01-11 14:00:00,87.8,None,True
QI000548,PR000548,M018,2026-01-11 20:00:00,90.25,None,True
QI000549,PR000549,M018,2026-01-11 13:00:00,99.54,None,True
QI000550,PR000550,M019,2026-01-11 20:00:00,98.92,None,True
QI000551,PR000551,M019,2026-01-11 19:00:00,87.61,None,True
QI000552,PR000552,M020,2026-01-11 10:00:00,96.37,None,True
QI000553,PR000553,M020,2026-01-11 13:00:00,87.31,None,True
QI000554,PR000554,M020,2026-01-11 22:00:00,88.37,None,True
QI000555,PR000555,M001,2026-01-12 11:00:00,93.05,None,True
QI000556,PR000556,M001,2026-01-12 07:00:00,93.7,None,True
QI000557,PR000557,M001,2026-01-12 16:00:00,98.16,None,True
QI000558,PR000558,M002,2026-01-12 13:00:00,86.94,None,True
QI000559,PR000559,M002,2026-01-12 14:00:00,99.33,None,True
QI000560,PR000560,M002,2026-01-12 17:00:00,97.14,None,True
QI000561,PR000561,M004,2026-01-12 18:00:00,93.26,None,True
QI000562,PR000562,M004,2026-01-12 14:00:00,91.13,None,True
QI000563,PR000563,M005,2026-01-12 16:00:00,88.9,None,True
QI000564,PR000564,M005,2026-01-12 15:00:00,92.44,None,True
QI000565,PR000565,M006,2026-01-12 18:00:00,88.3,None,True
QI000566,PR000566,M006,2026-01-12 11:00:00,86.14,None,True
QI000567,PR000567,M007,2026-01-12 16:00:00,92.43,None,True
QI000568,PR000568,M007,2026-01-12 09:00:00,93.89,None,True
QI000569,PR000569,M007,2026-01-12 09:00:00,90.22,None,True
QI000570,PR000570,M008,2026-01-12 08:00:00,93.49,None,True
QI000571,PR000571,M008,2026-01-12 12:00:00,98.18,None,True
QI000572,PR000572,M009,2026-01-12 20:00:00,94.88,None,True
QI000573,PR000573,M009,2026-01-12 20:00:00,98.01,None,True
QI000574,PR000574,M011,2026-01-12 17:00:00,97.56,None,True
QI000575,PR000575,M011,2026-01-12 15:00:00,95.2,None,True
QI000576,PR000576,M011,2026-01-12 17:00:00,96.29,None,True
QI000577,PR000577,M011,2026-01-12 11:00:00,98.21,None,True
QI000578,PR000578,M012,2026-01-12 23:00:00,85.44,None,True
QI000579,PR000579,M012,2026-01-12 10:00:00,86.93,None,True
QI000580,PR000580,M013,2026-01-12 12:00:00,96.15,None,True
QI000581,PR000581,M013,2026-01-12 10:00:00,97.27,None,True
QI000582,PR000582,M013,2026-01-12 14:00:00,92.61,None,True
QI000583,PR000583,M013,2026-01-12 14:00:00,52.63,Assembly Error,False
QI000584,PR000584,M014,2026-01-12 18:00:00,94.48,None,True
QI000585,PR000585,M014,2026-01-12 13:00:00,94.51,None,True
QI000586,PR000586,M014,2026-01-12 19:00:00,96.7,None,True
QI000587,PR000587,M015,2026-01-12 23:00:00,96.42,None,True
QI000588,PR000588,M015,2026-01-12 19:00:00,99.44,None,True
QI000589,PR000589,M015,2026-01-12 19:00:00,94.49,None,True
QI000590,PR000590,M015,2026-01-12 17:00:00,86.54,None,True
QI000591,PR000591,M017,2026-01-12 21:00:00,95.32,None,True
QI000592,PR000592,M017,2026-01-12 20:00:00,89.51,None,True
QI000593,PR000593,M018,2026-01-12 14:00:00,86.01,None,True
QI000594,PR000594,M018,2026-01-12 18:00:00,90.19,None,True
QI000595,PR000595,M018,2026-01-12 14:00:00,85.69,None,True
QI000596,PR000596,M019,2026-01-12 14:00:00,99.6,None,True
QI000597,PR000597,M019,2026-01-12 11:00:00,96.24,None,True
QI000598,PR000598,M001,2026-01-13 08:00:00,96.37,None,True
QI000599,PR000599,M001,2026-01-13 17:00:00,85.33,None,True
QI000600,PR000600,M002,2026-01-13 14:00:00,92.33,None,True
QI000601,PR000601,M002,2026-01-13 14:00:00,95.25,None,True
QI000602,PR000602,M002,2026-01-13 19:00:00,89.1,None,True
QI000603,PR000603,M003,2026-01-13 20:00:00,91.39,None,True
QI000604,PR000604,M003,2026-01-13 13:00:00,87.45,None,True
QI000605,PR000605,M003,2026-01-13 23:00:00,95.41,None,True
QI000606,PR000606,M004,2026-01-13 11:00:00,86.24,None,True
QI000607,PR000607,M004,2026-01-13 13:00:00,94.82,None,True
QI000608,PR000608,M004,2026-01-13 10:00:00,99.26,None,True
QI000609,PR000609,M004,2026-01-13 11:00:00,91.49,None,True
QI000610,PR000610,M005,2026-01-13 20:00:00,91.3,None,True
QI000611,PR000611,M005,2026-01-13 20:00:00,90.96,None,True
QI000612,PR000612,M006,2026-01-13 12:00:00,99.76,None,True
QI000613,PR000613,M006,2026-01-13 12:00:00,98.41,None,True
QI000614,PR000614,M008,2026-01-13 10:00:00,88.2,None,True
QI000615,PR000615,M008,2026-01-13 18:00:00,94.78,None,True
QI000616,PR000616,M009,2026-01-13 20:00:00,97.97,None,True
QI000617,PR000617,M009,2026-01-13 21:00:00,99.52,None,True
QI000618,PR000618,M010,2026-01-13 09:00:00,98.03,None,True
QI000619,PR000619,M010,2026-01-13 16:00:00,96.56,None,True
QI000620,PR000620,M010,2026-01-13 18:00:00,96.42,None,True
QI000621,PR000621,M010,2026-01-13 16:00:00,86.97,None,True
QI000622,PR000622,M011,2026-01-13 11:00:00,98.81,None,True
QI000623,PR000623,M011,2026-01-13 22:00:00,96.95,None,True
QI000624,PR000624,M011,2026-01-13 18:00:00,86.76,None,True
QI000625,PR000625,M011,2026-01-13 16:00:00,95.28,None,True
QI000626,PR000626,M012,2026-01-13 13:00:00,88.01,None,True
QI000627,PR000627,M012,2026-01-13 14:00:00,85.96,None,True
QI000628,PR000628,M013,2026-01-13 21:00:00,89.03,None,True
QI000629,PR000629,M013,2026-01-13 19:00:00,89.66,None,True
QI000630,PR000630,M013,2026-01-13 11:00:00,85.17,None,True
QI000631,PR000631,M015,2026-01-13 12:00:00,90.89,None,True
QI000632,PR000632,M015,2026-01-13 12:00:00,94.0,None,True
QI000633,PR000633,M015,2026-01-13 16:00:00,95.42,None,True
QI000634,PR000634,M015,2026-01-13 12:00:00,96.7,None,True
QI000635,PR000635,M016,2026-01-13 11:00:00,92.21,None,True
QI000636,PR000636,M016,2026-01-13 09:00:00,88.63,None,True
QI000637,PR000637,M016,2026-01-13 19:00:00,87.14,None,True
QI000638,PR000638,M018,2026-01-13 13:00:00,94.27,None,True
QI000639,PR000639,M018,2026-01-13 16:00:00,93.39,None,True
QI000640,PR000640,M018,2026-01-13 10:00:00,54.36,Surface Defect,False
QI000641,PR000641,M019,2026-01-13 07:00:00,98.24,None,True
QI000642,PR000642,M019,2026-01-13 14:00:00,97.37,None,True
QI000643,PR000643,M020,2026-01-13 08:00:00,89.83,None,True
QI000644,PR000644,M020,2026-01-13 21:00:00,88.01,None,True
QI000645,PR000645,M001,2026-01-14 16:00:00,97.32,None,True
QI000646,PR000646,M001,2026-01-14 09:00:00,95.06,None,True
QI000647,PR000647,M001,2026-01-14 21:00:00,86.86,None,True
QI000648,PR000648,M002,2026-01-14 14:00:00,93.92,None,True
QI000649,PR000649,M002,2026-01-14 17:00:00,94.19,None,True
QI000650,PR000650,M002,2026-01-14 21:00:00,99.03,None,True
QI000651,PR000651,M002,2026-01-14 14:00:00,94.38,None,True
QI000652,PR000652,M003,2026-01-14 23:00:00,94.18,None,True
QI000653,PR000653,M003,2026-01-14 11:00:00,94.91,None,True
QI000654,PR000654,M003,2026-01-14 11:00:00,93.96,None,True
QI000655,PR000655,M004,2026-01-14 17:00:00,92.21,None,True
QI000656,PR000656,M004,2026-01-14 18:00:00,87.46,None,True
QI000657,PR000657,M004,2026-01-14 14:00:00,95.87,None,True
QI000658,PR000658,M005,2026-01-14 10:00:00,94.75,None,True
QI000659,PR000659,M005,2026-01-14 20:00:00,94.24,None,True
QI000660,PR000660,M005,2026-01-14 18:00:00,92.05,None,True
QI000661,PR000661,M005,2026-01-14 09:00:00,98.08,None,True
QI000662,PR000662,M006,2026-01-14 12:00:00,85.65,None,True
QI000663,PR000663,M006,2026-01-14 19:00:00,85.31,None,True
QI000664,PR000664,M006,2026-01-14 10:00:00,89.98,None,True
QI000665,PR000665,M008,2026-01-14 19:00:00,92.4,None,True
QI000666,PR000666,M008,2026-01-14 11:00:00,91.05,None,True
QI000667,PR000667,M008,2026-01-14 10:00:00,91.28,None,True
QI000668,PR000668,M009,2026-01-14 22:00:00,97.61,None,True
QI000669,PR000669,M009,2026-01-14 18:00:00,99.41,None,True
QI000670,PR000670,M009,2026-01-14 20:00:00,97.69,None,True
QI000671,PR000671,M010,2026-01-14 15:00:00,96.03,None,True
QI000672,PR000672,M010,2026-01-14 20:00:00,92.57,None,True
QI000673,PR000673,M010,2026-01-14 17:00:00,92.71,None,True
QI000674,PR000674,M012,2026-01-14 13:00:00,85.44,None,True
QI000675,PR000675,M012,2026-01-14 10:00:00,94.09,None,True
QI000676,PR000676,M013,2026-01-14 14:00:00,96.89,None,True
QI000677,PR000677,M013,2026-01-14 10:00:00,99.88,None,True
QI000678,PR000678,M015,2026-01-14 16:00:00,90.39,None,True
QI000679,PR000679,M015,2026-01-14 13:00:00,91.99,None,True
QI000680,PR000680,M015,2026-01-14 19:00:00,88.54,None,True
QI000681,PR000681,M016,2026-01-14 10:00:00,91.08,None,True
QI000682,PR000682,M016,2026-01-14 17:00:00,94.49,None,True
QI000683,PR000683,M016,2026-01-14 16:00:00,92.69,None,True
QI000684,PR000684,M016,2026-01-14 15:00:00,86.04,None,True
QI000685,PR000685,M017,2026-01-14 13:00:00,86.46,None,True
QI000686,PR000686,M017,2026-01-14 17:00:00,93.89,None,True
QI000687,PR000687,M018,2026-01-14 16:00:00,94.94,None,True
QI000688,PR000688,M018,2026-01-14 12:00:00,94.78,None,True
QI000689,PR000689,M018,2026-01-14 14:00:00,90.99,None,True
QI000690,PR000690,M019,2026-01-14 22:00:00,85.14,None,True
QI000691,PR000691,M019,2026-01-14 15:00:00,93.98,None,True
QI000692,PR000692,M019,2026-01-14 12:00:00,88.56,None,True
QI000693,PR000693,M019,2026-01-14 16:00:00,98.26,None,True
QI000694,PR000694,M020,2026-01-14 22:00:00,89.96,None,True
QI000695,PR000695,M020,2026-01-14 16:00:00,95.04,None,True
QI000696,PR000696,M001,2026-01-15 18:00:00,91.74,None,True
QI000697,PR000697,M001,2026-01-15 15:00:00,99.23,None,True
QI000698,PR000698,M002,2026-01-15 21:00:00,90.39,None,True
QI000699,PR000699,M002,2026-01-15 22:00:00,94.08,None,True
QI000700,PR000700,M002,2026-01-15 22:00:00,93.0,None,True
QI000701,PR000701,M002,2026-01-15 12:00:00,95.58,None,True
QI000702,PR000702,M003,2026-01-15 11:00:00,97.96,None,True
QI000703,PR000703,M003,2026-01-15 13:00:00,93.1,None,True
QI000704,PR000704,M004,2026-01-15 20:00:00,99.8,None,True
QI000705,PR000705,M004,2026-01-15 18:00:00,88.47,None,True
QI000706,PR000706,M004,2026-01-15 07:00:00,94.6,None,True
QI000707,PR000707,M004,2026-01-15 13:00:00,87.7,None,True
QI000708,PR000708,M005,2026-01-15 23:00:00,86.55,None,True
QI000709,PR000709,M005,2026-01-15 16:00:00,95.32,None,True
QI000710,PR000710,M005,2026-01-15 18:00:00,92.2,None,True
QI000711,PR000711,M005,2026-01-15 10:00:00,85.26,None,True
QI000712,PR000712,M006,2026-01-15 20:00:00,99.6,None,True
QI000713,PR000713,M006,2026-01-15 21:00:00,88.81,None,True
QI000714,PR000714,M006,2026-01-15 18:00:00,90.14,None,True
QI000715,PR000715,M007,2026-01-15 14:00:00,86.89,None,True
QI000716,PR000716,M007,2026-01-15 19:00:00,87.15,None,True
QI000717,PR000717,M010,2026-01-15 09:00:00,95.99,None,True
QI000718,PR000718,M010,2026-01-15 11:00:00,87.83,None,True
QI000719,PR000719,M010,2026-01-15 23:00:00,87.34,None,True
QI000720,PR000720,M011,2026-01-15 10:00:00,99.45,None,True
QI000721,PR000721,M011,2026-01-15 17:00:00,94.92,None,True
QI000722,PR000722,M012,2026-01-15 19:00:00,90.61,None,True
QI000723,PR000723,M012,2026-01-15 14:00:00,50.74,Surface Defect,False
QI000724,PR000724,M012,2026-01-15 20:00:00,93.56,None,True
QI000725,PR000725,M012,2026-01-15 22:00:00,98.96,None,True
QI000726,PR000726,M014,2026-01-15 14:00:00,95.15,None,True
QI000727,PR000727,M014,2026-01-15 19:00:00,94.88,None,True
QI000728,PR000728,M015,2026-01-15 13:00:00,94.77,None,True
QI000729,PR000729,M015,2026-01-15 13:00:00,94.87,None,True
QI000730,PR000730,M015,2026-01-15 21:00:00,85.72,None,True
QI000731,PR000731,M015,2026-01-15 15:00:00,91.1,None,True
QI000732,PR000732,M016,2026-01-15 14:00:00,96.74,None,True
QI000733,PR000733,M016,2026-01-15 09:00:00,96.08,None,True
QI000734,PR000734,M016,2026-01-15 18:00:00,91.06,None,True
QI000735,PR000735,M016,2026-01-15 08:00:00,95.01,None,True
QI000736,PR000736,M017,2026-01-15 14:00:00,96.43,None,True
QI000737,PR000737,M017,2026-01-15 14:00:00,91.53,None,True
QI000738,PR000738,M018,2026-01-15 17:00:00,86.8,None,True
QI000739,PR000739,M018,2026-01-15 08:00:00,85.09,None,True
QI000740,PR000740,M018,2026-01-15 08:00:00,90.5,None,True
QI000741,PR000741,M018,2026-01-15 12:00:00,95.43,None,True
QI000742,PR000742,M019,2026-01-15 11:00:00,91.73,None,True
QI000743,PR000743,M019,2026-01-15 21:00:00,90.6,None,True
QI000744,PR000744,M019,2026-01-15 16:00:00,86.1,None,True
QI000745,PR000745,M020,2026-01-15 11:00:00,95.02,None,True
QI000746,PR000746,M020,2026-01-15 13:00:00,91.95,None,True
QI000747,PR000747,M020,2026-01-15 11:00:00,97.95,None,True
QI000748,PR000748,M020,2026-01-15 17:00:00,92.19,None,True
QI000749,PR000749,M001,2026-01-16 17:00:00,90.12,None,True
QI000750,PR000750,M001,2026-01-16 19:00:00,90.98,None,True
QI000751,PR000751,M001,2026-01-16 08:00:00,93.0,None,True
QI000752,PR000752,M002,2026-01-16 19:00:00,96.47,None,True
QI000753,PR000753,M002,2026-01-16 16:00:00,95.77,None,True
QI000754,PR000754,M003,2026-01-16 09:00:00,85.27,None,True
QI000755,PR000755,M003,2026-01-16 17:00:00,85.11,None,True
QI000756,PR000756,M003,2026-01-16 17:00:00,98.47,None,True
QI000757,PR000757,M003,2026-01-16 10:00:00,98.91,None,True
QI000758,PR000758,M004,2026-01-16 23:00:00,99.02,None,True
QI000759,PR000759,M004,2026-01-16 21:00:00,86.52,None,True
QI000760,PR000760,M004,2026-01-16 10:00:00,88.85,None,True
QI000761,PR000761,M004,2026-01-16 21:00:00,89.61,None,True
QI000762,PR000762,M005,2026-01-16 10:00:00,93.09,None,True
QI000763,PR000763,M005,2026-01-16 14:00:00,94.16,None,True
QI000764,PR000764,M005,2026-01-16 17:00:00,89.09,None,True
QI000765,PR000765,M006,2026-01-16 12:00:00,86.83,None,True
QI000766,PR000766,M006,2026-01-16 18:00:00,95.22,None,True
QI000767,PR000767,M006,2026-01-16 09:00:00,92.88,None,True
QI000768,PR000768,M008,2026-01-16 13:00:00,86.6,None,True
QI000769,PR000769,M008,2026-01-16 19:00:00,88.85,None,True
QI000770,PR000770,M008,2026-01-16 11:00:00,92.25,None,True
QI000771,PR000771,M010,2026-01-16 21:00:00,93.25,None,True
QI000772,PR000772,M010,2026-01-16 22:00:00,94.5,None,True
QI000773,PR000773,M010,2026-01-16 11:00:00,94.02,None,True
QI000774,PR000774,M011,2026-01-16 18:00:00,98.26,None,True
QI000775,PR000775,M011,2026-01-16 15:00:00,88.18,None,True
QI000776,PR000776,M012,2026-01-16 19:00:00,91.17,None,True
QI000777,PR000777,M012,2026-01-16 15:00:00,98.5,None,True
QI000778,PR000778,M012,2026-01-16 13:00:00,88.55,None,True
QI000779,PR000779,M013,2026-01-16 09:00:00,89.12,None,True
QI000780,PR000780,M013,2026-01-16 16:00:00,91.36,None,True
QI000781,PR000781,M013,2026-01-16 07:00:00,86.43,None,True
QI000782,PR000782,M013,2026-01-16 22:00:00,91.78,None,True
QI000783,PR000783,M015,2026-01-16 10:00:00,87.52,None,True
QI000784,PR000784,M015,2026-01-16 14:00:00,97.94,None,True
QI000785,PR000785,M015,2026-01-16 18:00:00,86.44,None,True
QI000786,PR000786,M017,2026-01-16 17:00:00,94.63,None,True
QI000787,PR000787,M017,2026-01-16 13:00:00,93.2,None,True
QI000788,PR000788,M017,2026-01-16 12:00:00,90.86,None,True
QI000789,PR000789,M018,2026-01-16 17:00:00,92.45,None,True
QI000790,PR000790,M018,2026-01-16 10:00:00,87.05,None,True
QI000791,PR000791,M018,2026-01-16 19:00:00,91.06,None,True
QI000792,PR000792,M018,2026-01-16 18:00:00,95.76,None,True
QI000793,PR000793,M019,2026-01-16 15:00:00,99.87,None,True
QI000794,PR000794,M019,2026-01-16 22:00:00,86.56,None,True
QI000795,PR000795,M020,2026-01-16 17:00:00,93.68,None,True
QI000796,PR000796,M020,2026-01-16 14:00:00,86.19,None,True
QI000797,PR000797,M001,2026-01-17 11:00:00,98.41,None,True
QI000798,PR000798,M001,2026-01-17 18:00:00,89.85,None,True
QI000799,PR000799,M001,2026-01-17 22:00:00,90.32,None,True
QI000800,PR000800,M002,2026-01-17 20:00:00,92.79,None,True
QI000801,PR000801,M002,2026-01-17 12:00:00,97.01,None,True
QI000802,PR000802,M004,2026-01-17 17:00:00,93.1,None,True
QI000803,PR000803,M004,2026-01-17 17:00:00,94.76,None,True
QI000804,PR000804,M005,2026-01-17 18:00:00,89.87,None,True
QI000805,PR000805,M005,2026-01-17 15:00:00,95.04,None,True
QI000806,PR000806,M005,2026-01-17 21:00:00,94.93,None,True
QI000807,PR000807,M006,2026-01-17 20:00:00,95.96,None,True
QI000808,PR000808,M006,2026-01-17 20:00:00,85.9,None,True
QI000809,PR000809,M007,2026-01-17 11:00:00,99.36,None,True
QI000810,PR000810,M007,2026-01-17 13:00:00,95.35,None,True
QI000811,PR000811,M008,2026-01-17 19:00:00,93.04,None,True
QI000812,PR000812,M008,2026-01-17 08:00:00,91.76,None,True
QI000813,PR000813,M009,2026-01-17 15:00:00,90.21,None,True
QI000814,PR000814,M009,2026-01-17 15:00:00,96.93,None,True
QI000815,PR000815,M011,2026-01-17 15:00:00,88.52,None,True
QI000816,PR000816,M011,2026-01-17 15:00:00,87.29,None,True
QI000817,PR000817,M012,2026-01-17 16:00:00,98.91,None,True
QI000818,PR000818,M012,2026-01-17 15:00:00,97.63,None,True
QI000819,PR000819,M012,2026-01-17 19:00:00,94.35,None,True
QI000820,PR000820,M012,2026-01-17 13:00:00,96.33,None,True
QI000821,PR000821,M013,2026-01-17 12:00:00,97.39,None,True
QI000822,PR000822,M013,2026-01-17 22:00:00,95.63,None,True
QI000823,PR000823,M013,2026-01-17 20:00:00,89.55,None,True
QI000824,PR000824,M014,2026-01-17 19:00:00,90.4,None,True
QI000825,PR000825,M014,2026-01-17 15:00:00,99.05,None,True
QI000826,PR000826,M015,2026-01-17 19:00:00,89.58,None,True
QI000827,PR000827,M015,2026-01-17 08:00:00,91.71,None,True
QI000828,PR000828,M016,2026-01-17 18:00:00,92.74,None,True
QI000829,PR000829,M016,2026-01-17 10:00:00,92.45,None,True
QI000830,PR000830,M017,2026-01-17 15:00:00,97.77,None,True
QI000831,PR000831,M017,2026-01-17 07:00:00,98.96,None,True
QI000832,PR000832,M017,2026-01-17 13:00:00,97.26,None,True
QI000833,PR000833,M018,2026-01-17 22:00:00,98.17,None,True
QI000834,PR000834,M018,2026-01-17 11:00:00,97.09,None,True
QI000835,PR000835,M018,2026-01-17 20:00:00,89.57,None,True
QI000836,PR000836,M018,2026-01-17 20:00:00,91.04,None,True
QI000837,PR000837,M019,2026-01-17 22:00:00,95.42,None,True
QI000838,PR000838,M019,2026-01-17 07:00:00,99.63,None,True
QI000839,PR000839,M020,2026-01-17 14:00:00,97.34,None,True
QI000840,PR000840,M020,2026-01-17 14:00:00,97.93,None,True
QI000841,PR000841,M002,2026-01-18 11:00:00,92.31,None,True
QI000842,PR000842,M002,2026-01-18 11:00:00,96.47,None,True
QI000843,PR000843,M002,2026-01-18 21:00:00,92.54,None,True
QI000844,PR000844,M005,2026-01-18 10:00:00,87.2,None,True
QI000845,PR000845,M005,2026-01-18 17:00:00,86.02,None,True
QI000846,PR000846,M005,2026-01-18 20:00:00,87.03,None,True
QI000847,PR000847,M005,2026-01-18 12:00:00,93.24,None,True
QI000848,PR000848,M006,2026-01-18 17:00:00,91.49,None,True
QI000849,PR000849,M006,2026-01-18 14:00:00,92.59,None,True
QI000850,PR000850,M006,2026-01-18 08:00:00,86.58,None,True
QI000851,PR000851,M007,2026-01-18 21:00:00,88.24,None,True
QI000852,PR000852,M007,2026-01-18 20:00:00,94.75,None,True
QI000853,PR000853,M007,2026-01-18 17:00:00,85.92,None,True
QI000854,PR000854,M007,2026-01-18 15:00:00,91.9,None,True
QI000855,PR000855,M008,2026-01-18 21:00:00,99.92,None,True
QI000856,PR000856,M008,2026-01-18 13:00:00,95.43,None,True
QI000857,PR000857,M008,2026-01-18 19:00:00,88.59,None,True
QI000858,PR000858,M008,2026-01-18 12:00:00,86.82,None,True
QI000859,PR000859,M009,2026-01-18 16:00:00,86.52,None,True
QI000860,PR000860,M009,2026-01-18 18:00:00,85.93,None,True
QI000861,PR000861,M009,2026-01-18 13:00:00,99.95,None,True
QI000862,PR000862,M009,2026-01-18 17:00:00,94.23,None,True
QI000863,PR000863,M011,2026-01-18 12:00:00,94.36,None,True
QI000864,PR000864,M011,2026-01-18 19:00:00,91.39,None,True
QI000865,PR000865,M011,2026-01-18 18:00:00,98.3,None,True
QI000866,PR000866,M011,2026-01-18 08:00:00,87.92,None,True
QI000867,PR000867,M012,2026-01-18 09:00:00,91.21,None,True
QI000868,PR000868,M012,2026-01-18 20:00:00,96.0,None,True
QI000869,PR000869,M012,2026-01-18 17:00:00,85.17,None,True
QI000870,PR000870,M013,2026-01-18 18:00:00,92.22,None,True
QI000871,PR000871,M013,2026-01-18 18:00:00,51.43,Surface Defect,False
QI000872,PR000872,M013,2026-01-18 14:00:00,87.85,None,True
QI000873,PR000873,M014,2026-01-18 12:00:00,89.85,None,True
QI000874,PR000874,M014,2026-01-18 19:00:00,94.44,None,True
QI000875,PR000875,M014,2026-01-18 14:00:00,85.97,None,True
QI000876,PR000876,M015,2026-01-18 19:00:00,90.57,None,True
QI000877,PR000877,M015,2026-01-18 23:00:00,94.69,None,True
QI000878,PR000878,M016,2026-01-18 11:00:00,88.99,None,True
QI000879,PR000879,M016,2026-01-18 08:00:00,86.91,None,True
QI000880,PR000880,M017,2026-01-18 10:00:00,88.65,None,True
QI000881,PR000881,M017,2026-01-18 21:00:00,97.16,None,True
QI000882,PR000882,M017,2026-01-18 12:00:00,97.89,None,True
QI000883,PR000883,M017,2026-01-18 14:00:00,99.34,None,True
QI000884,PR000884,M018,2026-01-18 20:00:00,86.53,None,True
QI000885,PR000885,M018,2026-01-18 09:00:00,99.14,None,True
QI000886,PR000886,M019,2026-01-18 19:00:00,86.15,None,True
QI000887,PR000887,M019,2026-01-18 11:00:00,98.95,None,True
QI000888,PR000888,M019,2026-01-18 15:00:00,96.72,None,True
QI000889,PR000889,M019,2026-01-18 13:00:00,92.43,None,True
QI000890,PR000890,M020,2026-01-18 11:00:00,91.75,None,True
QI000891,PR000891,M020,2026-01-18 17:00:00,98.34,None,True
QI000892,PR000892,M001,2026-01-19 19:00:00,98.24,None,True
QI000893,PR000893,M001,2026-01-19 19:00:00,99.82,None,True
QI000894,PR000894,M001,2026-01-19 10:00:00,85.72,None,True
QI000895,PR000895,M001,2026-01-19 21:00:00,96.19,None,True
QI000896,PR000896,M003,2026-01-19 14:00:00,97.03,None,True
QI000897,PR000897,M003,2026-01-19 17:00:00,85.53,None,True
QI000898,PR000898,M003,2026-01-19 19:00:00,90.81,None,True
QI000899,PR000899,M004,2026-01-19 09:00:00,99.87,None,True
QI000900,PR000900,M004,2026-01-19 20:00:00,99.13,None,True
QI000901,PR000901,M005,2026-01-19 21:00:00,90.32,None,True
QI000902,PR000902,M005,2026-01-19 18:00:00,93.24,None,True
QI000903,PR000903,M005,2026-01-19 07:00:00,86.03,None,True
QI000904,PR000904,M005,2026-01-19 16:00:00,86.24,None,True
QI000905,PR000905,M006,2026-01-19 21:00:00,98.48,None,True
QI000906,PR000906,M006,2026-01-19 16:00:00,88.42,None,True
QI000907,PR000907,M007,2026-01-19 19:00:00,95.01,None,True
QI000908,PR000908,M007,2026-01-19 19:00:00,51.24,Material Defect,False
QI000909,PR000909,M007,2026-01-19 19:00:00,94.66,None,True
QI000910,PR000910,M008,2026-01-19 16:00:00,85.63,None,True
QI000911,PR000911,M008,2026-01-19 10:00:00,96.98,None,True
QI000912,PR000912,M008,2026-01-19 10:00:00,99.7,None,True
QI000913,PR000913,M010,2026-01-19 11:00:00,93.74,None,True
QI000914,PR000914,M010,2026-01-19 17:00:00,97.18,None,True
QI000915,PR000915,M011,2026-01-19 12:00:00,86.92,None,True
QI000916,PR000916,M011,2026-01-19 16:00:00,98.92,None,True
QI000917,PR000917,M013,2026-01-19 14:00:00,90.58,None,True
QI000918,PR000918,M013,2026-01-19 10:00:00,91.59,None,True
QI000919,PR000919,M013,2026-01-19 22:00:00,99.15,None,True
QI000920,PR000920,M014,2026-01-19 15:00:00,86.82,None,True
QI000921,PR000921,M014,2026-01-19 09:00:00,98.3,None,True
QI000922,PR000922,M014,2026-01-19 21:00:00,89.29,None,True
QI000923,PR000923,M014,2026-01-19 09:00:00,97.92,None,True
QI000924,PR000924,M015,2026-01-19 19:00:00,98.78,None,True
QI000925,PR000925,M015,2026-01-19 16:00:00,96.33,None,True
QI000926,PR000926,M015,2026-01-19 15:00:00,97.63,None,True
QI000927,PR000927,M015,2026-01-19 13:00:00,96.65,None,True
QI000928,PR000928,M016,2026-01-19 11:00:00,87.66,None,True
QI000929,PR000929,M016,2026-01-19 13:00:00,99.77,None,True
QI000930,PR000930,M016,2026-01-19 14:00:00,85.65,None,True
QI000931,PR000931,M017,2026-01-19 17:00:00,86.98,None,True
QI000932,PR000932,M017,2026-01-19 15:00:00,97.27,None,True
QI000933,PR000933,M017,2026-01-19 09:00:00,92.59,None,True
QI000934,PR000934,M018,2026-01-19 16:00:00,95.99,None,True
QI000935,PR000935,M018,2026-01-19 10:00:00,93.86,None,True
QI000936,PR000936,M019,2026-01-19 21:00:00,89.46,None,True
QI000937,PR000937,M019,2026-01-19 10:00:00,95.33,None,True
QI000938,PR000938,M019,2026-01-19 18:00:00,94.54,None,True
QI000939,PR000939,M019,2026-01-19 08:00:00,87.4,None,True
QI000940,PR000940,M020,2026-01-19 12:00:00,85.14,None,True
QI000941,PR000941,M020,2026-01-19 11:00:00,95.9,None,True
QI000942,PR000942,M020,2026-01-19 18:00:00,86.49,None,True
QI000943,PR000943,M001,2026-01-20 09:00:00,97.0,None,True
QI000944,PR000944,M001,2026-01-20 18:00:00,93.33,None,True
QI000945,PR000945,M002,2026-01-20 09:00:00,94.24,None,True
QI000946,PR000946,M002,2026-01-20 15:00:00,90.33,None,True
QI000947,PR000947,M002,2026-01-20 09:00:00,93.31,None,True
QI000948,PR000948,M002,2026-01-20 14:00:00,73.48,Material Defect,False
QI000949,PR000949,M003,2026-01-20 18:00:00,88.04,None,True
QI000950,PR000950,M003,2026-01-20 13:00:00,90.52,None,True
QI000951,PR000951,M003,2026-01-20 10:00:00,87.23,None,True
QI000952,PR000952,M003,2026-01-20 10:00:00,98.15,None,True
QI000953,PR000953,M004,2026-01-20 12:00:00,90.52,None,True
QI000954,PR000954,M004,2026-01-20 12:00:00,95.83,None,True
QI000955,PR000955,M005,2026-01-20 11:00:00,93.9,None,True
QI000956,PR000956,M005,2026-01-20 22:00:00,91.19,None,True
QI000957,PR000957,M007,2026-01-20 11:00:00,85.05,None,True
QI000958,PR000958,M007,2026-01-20 11:00:00,90.33,None,True
QI000959,PR000959,M007,2026-01-20 14:00:00,86.39,None,True
QI000960,PR000960,M008,2026-01-20 13:00:00,92.21,None,True
QI000961,PR000961,M008,2026-01-20 18:00:00,85.97,None,True
QI000962,PR000962,M010,2026-01-20 21:00:00,93.42,None,True
QI000963,PR000963,M010,2026-01-20 15:00:00,94.05,None,True
QI000964,PR000964,M010,2026-01-20 10:00:00,97.07,None,True
QI000965,PR000965,M011,2026-01-20 08:00:00,97.38,None,True
QI000966,PR000966,M011,2026-01-20 14:00:00,86.16,None,True
QI000967,PR000967,M012,2026-01-20 12:00:00,90.01,None,True
QI000968,PR000968,M012,2026-01-20 12:00:00,95.62,None,True
QI000969,PR000969,M013,2026-01-20 11:00:00,92.76,None,True
QI000970,PR000970,M013,2026-01-20 19:00:00,87.21,None,True
QI000971,PR000971,M014,2026-01-20 11:00:00,91.51,None,True
QI000972,PR000972,M014,2026-01-20 12:00:00,88.31,None,True
QI000973,PR000973,M015,2026-01-20 10:00:00,96.03,None,True
QI000974,PR000974,M015,2026-01-20 20:00:00,99.0,None,True
QI000975,PR000975,M015,2026-01-20 18:00:00,91.32,None,True
QI000976,PR000976,M015,2026-01-20 16:00:00,96.78,None,True
QI000977,PR000977,M016,2026-01-20 15:00:00,91.15,None,True
QI000978,PR000978,M016,2026-01-20 16:00:00,90.76,None,True
QI000979,PR000979,M017,2026-01-20 14:00:00,93.82,None,True
QI000980,PR000980,M017,2026-01-20 09:00:00,90.43,None,True
QI000981,PR000981,M017,2026-01-20 14:00:00,85.39,None,True
QI000982,PR000982,M017,2026-01-20 14:00:00,97.48,None,True
QI000983,PR000983,M018,2026-01-20 19:00:00,92.77,None,True
QI000984,PR000984,M018,2026-01-20 11:00:00,99.11,None,True
QI000985,PR000985,M018,2026-01-20 20:00:00,91.44,None,True
QI000986,PR000986,M018,2026-01-20 19:00:00,97.63,None,True
QI000987,PR000987,M019,2026-01-20 19:00:00,97.04,None,True
QI000988,PR000988,M019,2026-01-20 12:00:00,92.24,None,True
QI000989,PR000989,M019,2026-01-20 19:00:00,86.21,None,True
QI000990,PR000990,M020,2026-01-20 18:00:00,92.45,None,True
QI000991,PR000991,M020,2026-01-20 17:00:00,95.94,None,True
QI000992,PR000992,M001,2026-01-21 20:00:00,87.38,None,True
QI000993,PR000993,M001,2026-01-21 09:00:00,87.03,None,True
QI000994,PR000994,M001,2026-01-21 15:00:00,94.85,None,True
QI000995,PR000995,M001,2026-01-21 16:00:00,86.03,None,True
QI000996,PR000996,M004,2026-01-21 15:00:00,89.23,None,True
QI000997,PR000997,M004,2026-01-21 14:00:00,88.7,None,True
QI000998,PR000998,M004,2026-01-21 20:00:00,88.74,None,True
QI000999,PR000999,M004,2026-01-21 12:00:00,96.39,None,True
QI001000,PR001000,M005,2026-01-21 21:00:00,96.65,None,True
QI001001,PR001001,M005,2026-01-21 22:00:00,92.31,None,True
QI001002,PR001002,M005,2026-01-21 17:00:00,85.94,None,True
QI001003,PR001003,M006,2026-01-21 17:00:00,87.09,None,True
QI001004,PR001004,M006,2026-01-21 21:00:00,91.17,None,True
QI001005,PR001005,M007,2026-01-21 21:00:00,98.5,None,True
QI001006,PR001006,M007,2026-01-21 18:00:00,94.96,None,True
QI001007,PR001007,M007,2026-01-21 20:00:00,93.4,None,True
QI001008,PR001008,M007,2026-01-21 10:00:00,85.78,None,True
QI001009,PR001009,M008,2026-01-21 15:00:00,88.9,None,True
QI001010,PR001010,M008,2026-01-21 21:00:00,99.72,None,True
QI001011,PR001011,M008,2026-01-21 09:00:00,94.81,None,True
QI001012,PR001012,M009,2026-01-21 16:00:00,93.48,None,True
QI001013,PR001013,M009,2026-01-21 15:00:00,99.58,None,True
QI001014,PR001014,M009,2026-01-21 20:00:00,90.24,None,True
QI001015,PR001015,M010,2026-01-21 12:00:00,87.27,None,True
QI001016,PR001016,M010,2026-01-21 15:00:00,88.76,None,True
QI001017,PR001017,M010,2026-01-21 14:00:00,93.42,None,True
QI001018,PR001018,M011,2026-01-21 14:00:00,86.72,None,True
QI001019,PR001019,M011,2026-01-21 15:00:00,95.84,None,True
QI001020,PR001020,M011,2026-01-21 18:00:00,95.62,None,True
QI001021,PR001021,M011,2026-01-21 15:00:00,86.23,None,True
QI001022,PR001022,M012,2026-01-21 10:00:00,92.27,None,True
QI001023,PR001023,M012,2026-01-21 15:00:00,99.19,None,True
QI001024,PR001024,M012,2026-01-21 10:00:00,95.04,None,True
QI001025,PR001025,M013,2026-01-21 13:00:00,91.18,None,True
QI001026,PR001026,M013,2026-01-21 11:00:00,93.18,None,True
QI001027,PR001027,M013,2026-01-21 18:00:00,92.69,None,True
QI001028,PR001028,M013,2026-01-21 08:00:00,91.89,None,True
QI001029,PR001029,M014,2026-01-21 11:00:00,96.79,None,True
QI001030,PR001030,M014,2026-01-21 17:00:00,88.88,None,True
QI001031,PR001031,M014,2026-01-21 12:00:00,89.95,None,True
QI001032,PR001032,M014,2026-01-21 17:00:00,92.79,None,True
QI001033,PR001033,M016,2026-01-21 14:00:00,98.17,None,True
QI001034,PR001034,M016,2026-01-21 14:00:00,98.06,None,True
QI001035,PR001035,M016,2026-01-21 09:00:00,91.77,None,True
QI001036,PR001036,M017,2026-01-21 22:00:00,96.58,None,True
QI001037,PR001037,M017,2026-01-21 15:00:00,85.98,None,True
QI001038,PR001038,M017,2026-01-21 11:00:00,98.64,None,True
QI001039,PR001039,M017,2026-01-21 14:00:00,92.47,None,True
QI001040,PR001040,M018,2026-01-21 22:00:00,94.85,None,True
QI001041,PR001041,M018,2026-01-21 12:00:00,90.71,None,True
QI001042,PR001042,M019,2026-01-21 20:00:00,99.47,None,True
QI001043,PR001043,M019,2026-01-21 09:00:00,92.85,None,True
QI001044,PR001044,M001,2026-01-22 22:00:00,96.89,None,True
QI001045,PR001045,M001,2026-01-22 19:00:00,94.52,None,True
QI001046,PR001046,M001,2026-01-22 15:00:00,90.94,None,True
QI001047,PR001047,M001,2026-01-22 17:00:00,93.0,None,True
QI001048,PR001048,M004,2026-01-22 19:00:00,95.44,None,True
QI001049,PR001049,M004,2026-01-22 12:00:00,89.75,None,True
QI001050,PR001050,M005,2026-01-22 12:00:00,98.59,None,True
QI001051,PR001051,M005,2026-01-22 12:00:00,99.75,None,True
QI001052,PR001052,M005,2026-01-22 13:00:00,88.03,None,True
QI001053,PR001053,M005,2026-01-22 11:00:00,98.41,None,True
QI001054,PR001054,M006,2026-01-22 14:00:00,87.28,None,True
QI001055,PR001055,M006,2026-01-22 20:00:00,94.23,None,True
QI001056,PR001056,M007,2026-01-22 16:00:00,98.24,None,True
QI001057,PR001057,M007,2026-01-22 15:00:00,92.58,None,True
QI001058,PR001058,M007,2026-01-22 15:00:00,91.27,None,True
QI001059,PR001059,M008,2026-01-22 19:00:00,95.02,None,True
QI001060,PR001060,M008,2026-01-22 19:00:00,87.49,None,True
QI001061,PR001061,M009,2026-01-22 09:00:00,91.41,None,True
QI001062,PR001062,M009,2026-01-22 12:00:00,85.19,None,True
QI001063,PR001063,M010,2026-01-22 17:00:00,92.91,None,True
QI001064,PR001064,M010,2026-01-22 07:00:00,98.35,None,True
QI001065,PR001065,M010,2026-01-22 12:00:00,95.97,None,True
QI001066,PR001066,M010,2026-01-22 15:00:00,97.87,None,True
QI001067,PR001067,M011,2026-01-22 12:00:00,93.11,None,True
QI001068,PR001068,M011,2026-01-22 13:00:00,89.72,None,True
QI001069,PR001069,M011,2026-01-22 08:00:00,97.32,None,True
QI001070,PR001070,M011,2026-01-22 19:00:00,90.37,None,True
QI001071,PR001071,M012,2026-01-22 09:00:00,97.42,None,True
QI001072,PR001072,M012,2026-01-22 21:00:00,87.61,None,True
QI001073,PR001073,M013,2026-01-22 09:00:00,97.39,None,True
QI001074,PR001074,M013,2026-01-22 13:00:00,88.6,None,True
QI001075,PR001075,M014,2026-01-22 11:00:00,90.22,None,True
QI001076,PR001076,M014,2026-01-22 15:00:00,96.23,None,True
QI001077,PR001077,M015,2026-01-22 16:00:00,94.31,None,True
QI001078,PR001078,M015,2026-01-22 21:00:00,97.62,None,True
QI001079,PR001079,M016,2026-01-22 11:00:00,99.69,None,True
QI001080,PR001080,M016,2026-01-22 15:00:00,86.89,None,True
QI001081,PR001081,M016,2026-01-22 22:00:00,89.88,None,True
QI001082,PR001082,M016,2026-01-22 19:00:00,86.04,None,True
QI001083,PR001083,M017,2026-01-22 11:00:00,97.84,None,True
QI001084,PR001084,M017,2026-01-22 15:00:00,97.56,None,True
QI001085,PR001085,M017,2026-01-22 23:00:00,94.64,None,True
QI001086,PR001086,M017,2026-01-22 11:00:00,92.69,None,True
QI001087,PR001087,M019,2026-01-22 10:00:00,88.19,None,True
QI001088,PR001088,M019,2026-01-22 17:00:00,89.56,None,True
QI001089,PR001089,M020,2026-01-22 11:00:00,99.07,None,True
QI001090,PR001090,M020,2026-01-22 15:00:00,96.49,None,True
QI001091,PR001091,M001,2026-01-23 10:00:00,94.97,None,True
QI001092,PR001092,M001,2026-01-23 09:00:00,98.61,None,True
QI001093,PR001093,M002,2026-01-23 11:00:00,93.41,None,True
QI001094,PR001094,M002,2026-01-23 14:00:00,91.71,None,True
QI001095,PR001095,M003,2026-01-23 17:00:00,97.97,None,True
QI001096,PR001096,M003,2026-01-23 10:00:00,90.71,None,True
QI001097,PR001097,M004,2026-01-23 20:00:00,86.66,None,True
QI001098,PR001098,M004,2026-01-23 09:00:00,85.63,None,True
QI001099,PR001099,M004,2026-01-23 19:00:00,98.77,None,True
QI001100,PR001100,M005,2026-01-23 09:00:00,97.88,None,True
QI001101,PR001101,M005,2026-01-23 15:00:00,98.66,None,True
QI001102,PR001102,M006,2026-01-23 11:00:00,97.07,None,True
QI001103,PR001103,M006,2026-01-23 13:00:00,82.36,Dimensional Error,False
QI001104,PR001104,M006,2026-01-23 15:00:00,97.44,None,True
QI001105,PR001105,M006,2026-01-23 15:00:00,98.09,None,True
QI001106,PR001106,M007,2026-01-23 12:00:00,95.56,None,True
QI001107,PR001107,M007,2026-01-23 20:00:00,86.45,None,True
QI001108,PR001108,M007,2026-01-23 10:00:00,85.19,None,True
QI001109,PR001109,M007,2026-01-23 16:00:00,89.52,None,True
QI001110,PR001110,M008,2026-01-23 20:00:00,89.46,None,True
QI001111,PR001111,M008,2026-01-23 08:00:00,96.15,None,True
QI001112,PR001112,M010,2026-01-23 18:00:00,98.54,None,True
QI001113,PR001113,M010,2026-01-23 20:00:00,95.02,None,True
QI001114,PR001114,M011,2026-01-23 22:00:00,98.38,None,True
QI001115,PR001115,M011,2026-01-23 22:00:00,86.18,None,True
QI001116,PR001116,M012,2026-01-23 08:00:00,96.92,None,True
QI001117,PR001117,M012,2026-01-23 20:00:00,93.74,None,True
QI001118,PR001118,M012,2026-01-23 15:00:00,97.84,None,True
QI001119,PR001119,M012,2026-01-23 17:00:00,85.95,None,True
QI001120,PR001120,M013,2026-01-23 13:00:00,93.98,None,True
QI001121,PR001121,M013,2026-01-23 10:00:00,44.13,Packaging Defect,False
QI001122,PR001122,M013,2026-01-23 18:00:00,78.22,Surface Defect,False
QI001123,PR001123,M013,2026-01-23 09:00:00,93.58,None,True
QI001124,PR001124,M014,2026-01-23 16:00:00,91.46,None,True
QI001125,PR001125,M014,2026-01-23 15:00:00,91.52,None,True
QI001126,PR001126,M016,2026-01-23 20:00:00,94.03,None,True
QI001127,PR001127,M016,2026-01-23 11:00:00,91.65,None,True
QI001128,PR001128,M017,2026-01-23 16:00:00,94.47,None,True
QI001129,PR001129,M017,2026-01-23 09:00:00,95.54,None,True
QI001130,PR001130,M017,2026-01-23 17:00:00,92.69,None,True
QI001131,PR001131,M018,2026-01-23 22:00:00,56.92,Packaging Defect,False
QI001132,PR001132,M018,2026-01-23 17:00:00,88.94,None,True
QI001133,PR001133,M018,2026-01-23 16:00:00,92.09,None,True
QI001134,PR001134,M018,2026-01-23 10:00:00,89.03,None,True
QI001135,PR001135,M019,2026-01-23 17:00:00,98.37,None,True
QI001136,PR001136,M019,2026-01-23 21:00:00,41.75,Surface Defect,False
QI001137,PR001137,M019,2026-01-23 11:00:00,88.58,None,True
QI001138,PR001138,M020,2026-01-23 20:00:00,91.76,None,True
QI001139,PR001139,M020,2026-01-23 19:00:00,94.34,None,True
QI001140,PR001140,M020,2026-01-23 11:00:00,91.71,None,True
QI001141,PR001141,M001,2026-01-24 10:00:00,93.86,None,True
QI001142,PR001142,M001,2026-01-24 18:00:00,97.81,None,True
QI001143,PR001143,M001,2026-01-24 11:00:00,97.5,None,True
QI001144,PR001144,M003,2026-01-24 09:00:00,89.27,None,True
QI001145,PR001145,M003,2026-01-24 13:00:00,91.58,None,True
QI001146,PR001146,M003,2026-01-24 13:00:00,90.95,None,True
QI001147,PR001147,M003,2026-01-24 19:00:00,89.17,None,True
QI001148,PR001148,M004,2026-01-24 09:00:00,89.27,None,True
QI001149,PR001149,M004,2026-01-24 11:00:00,92.97,None,True
QI001150,PR001150,M004,2026-01-24 13:00:00,93.62,None,True
QI001151,PR001151,M004,2026-01-24 15:00:00,95.13,None,True
QI001152,PR001152,M005,2026-01-24 19:00:00,91.76,None,True
QI001153,PR001153,M005,2026-01-24 21:00:00,87.48,None,True
QI001154,PR001154,M005,2026-01-24 16:00:00,95.95,None,True
QI001155,PR001155,M005,2026-01-24 21:00:00,95.06,None,True
QI001156,PR001156,M006,2026-01-24 07:00:00,95.12,None,True
QI001157,PR001157,M006,2026-01-24 14:00:00,95.78,None,True
QI001158,PR001158,M007,2026-01-24 12:00:00,95.82,None,True
QI001159,PR001159,M007,2026-01-24 10:00:00,85.03,None,True
QI001160,PR001160,M008,2026-01-24 12:00:00,97.44,None,True
QI001161,PR001161,M008,2026-01-24 13:00:00,98.07,None,True
QI001162,PR001162,M009,2026-01-24 13:00:00,94.98,None,True
QI001163,PR001163,M009,2026-01-24 14:00:00,94.94,None,True
QI001164,PR001164,M009,2026-01-24 15:00:00,93.94,None,True
QI001165,PR001165,M009,2026-01-24 13:00:00,98.5,None,True
QI001166,PR001166,M011,2026-01-24 10:00:00,89.82,None,True
QI001167,PR001167,M011,2026-01-24 20:00:00,91.19,None,True
QI001168,PR001168,M011,2026-01-24 19:00:00,94.7,None,True
QI001169,PR001169,M012,2026-01-24 14:00:00,93.98,None,True
QI001170,PR001170,M012,2026-01-24 23:00:00,87.08,None,True
QI001171,PR001171,M012,2026-01-24 17:00:00,87.31,None,True
QI001172,PR001172,M012,2026-01-24 08:00:00,94.57,None,True
QI001173,PR001173,M013,2026-01-24 16:00:00,92.95,None,True
QI001174,PR001174,M013,2026-01-24 20:00:00,99.87,None,True
QI001175,PR001175,M013,2026-01-24 22:00:00,95.42,None,True
QI001176,PR001176,M013,2026-01-24 07:00:00,91.73,None,True
QI001177,PR001177,M014,2026-01-24 09:00:00,57.57,Packaging Defect,False
QI001178,PR001178,M014,2026-01-24 16:00:00,64.58,Dimensional Error,False
QI001179,PR001179,M014,2026-01-24 16:00:00,94.78,None,True
QI001180,PR001180,M015,2026-01-24 09:00:00,95.39,None,True
QI001181,PR001181,M015,2026-01-24 21:00:00,95.09,None,True
QI001182,PR001182,M015,2026-01-24 13:00:00,89.59,None,True
QI001183,PR001183,M016,2026-01-24 15:00:00,91.7,None,True
QI001184,PR001184,M016,2026-01-24 14:00:00,97.34,None,True
QI001185,PR001185,M017,2026-01-24 12:00:00,98.75,None,True
QI001186,PR001186,M017,2026-01-24 14:00:00,89.78,None,True
QI001187,PR001187,M018,2026-01-24 21:00:00,90.57,None,True
QI001188,PR001188,M018,2026-01-24 12:00:00,95.58,None,True
QI001189,PR001189,M019,2026-01-24 11:00:00,90.62,None,True
QI001190,PR001190,M019,2026-01-24 15:00:00,91.46,None,True
QI001191,PR001191,M019,2026-01-24 17:00:00,98.35,None,True
QI001192,PR001192,M019,2026-01-24 10:00:00,87.32,None,True
QI001193,PR001193,M020,2026-01-24 20:00:00,94.69,None,True
QI001194,PR001194,M020,2026-01-24 21:00:00,90.11,None,True
QI001195,PR001195,M001,2026-01-25 13:00:00,91.14,None,True
QI001196,PR001196,M001,2026-01-25 19:00:00,95.16,None,True
QI001197,PR001197,M001,2026-01-25 20:00:00,90.47,None,True
QI001198,PR001198,M001,2026-01-25 18:00:00,99.82,None,True
QI001199,PR001199,M003,2026-01-25 07:00:00,95.32,None,True
QI001200,PR001200,M003,2026-01-25 19:00:00,92.28,None,True
QI001201,PR001201,M003,2026-01-25 18:00:00,92.58,None,True
QI001202,PR001202,M004,2026-01-25 20:00:00,90.76,None,True
QI001203,PR001203,M004,2026-01-25 19:00:00,41.36,Assembly Error,False
QI001204,PR001204,M005,2026-01-25 19:00:00,85.35,None,True
QI001205,PR001205,M005,2026-01-25 19:00:00,91.88,None,True
QI001206,PR001206,M006,2026-01-25 09:00:00,79.6,Packaging Defect,False
QI001207,PR001207,M006,2026-01-25 11:00:00,90.62,None,True
QI001208,PR001208,M006,2026-01-25 13:00:00,91.66,None,True
QI001209,PR001209,M006,2026-01-25 19:00:00,93.18,None,True
QI001210,PR001210,M007,2026-01-25 18:00:00,94.1,None,True
QI001211,PR001211,M007,2026-01-25 09:00:00,85.46,None,True
QI001212,PR001212,M007,2026-01-25 19:00:00,96.6,None,True
QI001213,PR001213,M007,2026-01-25 08:00:00,92.17,None,True
QI001214,PR001214,M008,2026-01-25 14:00:00,87.53,None,True
QI001215,PR001215,M008,2026-01-25 10:00:00,97.58,None,True
QI001216,PR001216,M008,2026-01-25 17:00:00,97.4,None,True
QI001217,PR001217,M009,2026-01-25 08:00:00,87.66,None,True
QI001218,PR001218,M009,2026-01-25 18:00:00,95.16,None,True
QI001219,PR001219,M010,2026-01-25 13:00:00,97.46,None,True
QI001220,PR001220,M010,2026-01-25 13:00:00,87.48,None,True
QI001221,PR001221,M010,2026-01-25 15:00:00,100.0,None,True
QI001222,PR001222,M010,2026-01-25 14:00:00,97.25,None,True
QI001223,PR001223,M011,2026-01-25 13:00:00,96.74,None,True
QI001224,PR001224,M011,2026-01-25 19:00:00,89.51,None,True
QI001225,PR001225,M012,2026-01-25 11:00:00,96.89,None,True
QI001226,PR001226,M012,2026-01-25 22:00:00,95.96,None,True
QI001227,PR001227,M012,2026-01-25 21:00:00,97.79,None,True
QI001228,PR001228,M013,2026-01-25 16:00:00,98.6,None,True
QI001229,PR001229,M013,2026-01-25 15:00:00,66.09,Surface Defect,False
QI001230,PR001230,M013,2026-01-25 20:00:00,93.0,None,True
QI001231,PR001231,M014,2026-01-25 09:00:00,86.96,None,True
QI001232,PR001232,M014,2026-01-25 19:00:00,86.87,None,True
QI001233,PR001233,M014,2026-01-25 12:00:00,89.14,None,True
QI001234,PR001234,M015,2026-01-25 22:00:00,99.16,None,True
QI001235,PR001235,M015,2026-01-25 13:00:00,60.36,Material Defect,False
QI001236,PR001236,M015,2026-01-25 23:00:00,97.95,None,True
QI001237,PR001237,M015,2026-01-25 13:00:00,90.63,None,True
QI001238,PR001238,M016,2026-01-25 11:00:00,88.05,None,True
QI001239,PR001239,M016,2026-01-25 11:00:00,90.8,None,True
QI001240,PR001240,M016,2026-01-25 18:00:00,92.38,None,True
QI001241,PR001241,M017,2026-01-25 09:00:00,97.98,None,True
QI001242,PR001242,M017,2026-01-25 18:00:00,91.11,None,True
QI001243,PR001243,M017,2026-01-25 16:00:00,96.47,None,True
QI001244,PR001244,M017,2026-01-25 10:00:00,99.34,None,True
QI001245,PR001245,M018,2026-01-25 09:00:00,86.64,None,True
QI001246,PR001246,M018,2026-01-25 11:00:00,91.59,None,True
QI001247,PR001247,M019,2026-01-25 22:00:00,98.4,None,True
QI001248,PR001248,M019,2026-01-25 20:00:00,98.25,None,True
QI001249,PR001249,M020,2026-01-25 17:00:00,92.66,None,True
QI001250,PR001250,M020,2026-01-25 17:00:00,98.9,None,True
QI001251,PR001251,M020,2026-01-25 16:00:00,60.98,Packaging Defect,False
QI001252,PR001252,M020,2026-01-25 09:00:00,98.08,None,True
QI001253,PR001253,M001,2026-01-26 17:00:00,94.49,None,True
QI001254,PR001254,M001,2026-01-26 10:00:00,97.3,None,True
QI001255,PR001255,M001,2026-01-26 21:00:00,96.0,None,True
QI001256,PR001256,M001,2026-01-26 11:00:00,96.9,None,True
QI001257,PR001257,M002,2026-01-26 11:00:00,88.01,None,True
QI001258,PR001258,M002,2026-01-26 21:00:00,86.35,None,True
QI001259,PR001259,M002,2026-01-26 19:00:00,41.94,Material Defect,False
QI001260,PR001260,M003,2026-01-26 11:00:00,96.11,None,True
QI001261,PR001261,M003,2026-01-26 17:00:00,96.3,None,True
QI001262,PR001262,M003,2026-01-26 13:00:00,94.88,None,True
QI001263,PR001263,M004,2026-01-26 13:00:00,97.69,None,True
QI001264,PR001264,M004,2026-01-26 21:00:00,86.33,None,True
QI001265,PR001265,M005,2026-01-26 17:00:00,86.16,None,True
QI001266,PR001266,M005,2026-01-26 16:00:00,91.11,None,True
QI001267,PR001267,M005,2026-01-26 17:00:00,90.23,None,True
QI001268,PR001268,M005,2026-01-26 12:00:00,97.12,None,True
QI001269,PR001269,M006,2026-01-26 16:00:00,86.08,None,True
QI001270,PR001270,M006,2026-01-26 21:00:00,92.84,None,True
QI001271,PR001271,M008,2026-01-26 10:00:00,86.15,None,True
QI001272,PR001272,M008,2026-01-26 21:00:00,96.92,None,True
QI001273,PR001273,M009,2026-01-26 19:00:00,85.75,None,True
QI001274,PR001274,M009,2026-01-26 11:00:00,91.04,None,True
QI001275,PR001275,M009,2026-01-26 19:00:00,88.49,None,True
QI001276,PR001276,M009,2026-01-26 14:00:00,97.05,None,True
QI001277,PR001277,M010,2026-01-26 16:00:00,91.08,None,True
QI001278,PR001278,M010,2026-01-26 14:00:00,89.82,None,True
QI001279,PR001279,M010,2026-01-26 19:00:00,88.39,None,True
QI001280,PR001280,M010,2026-01-26 10:00:00,99.68,None,True
QI001281,PR001281,M012,2026-01-26 12:00:00,90.37,None,True
QI001282,PR001282,M012,2026-01-26 14:00:00,86.84,None,True
QI001283,PR001283,M012,2026-01-26 16:00:00,92.55,None,True
QI001284,PR001284,M013,2026-01-26 19:00:00,93.79,None,True
QI001285,PR001285,M013,2026-01-26 14:00:00,86.08,None,True
QI001286,PR001286,M013,2026-01-26 17:00:00,88.63,None,True
QI001287,PR001287,M013,2026-01-26 12:00:00,97.34,None,True
QI001288,PR001288,M014,2026-01-26 09:00:00,93.29,None,True
QI001289,PR001289,M014,2026-01-26 16:00:00,87.14,None,True
QI001290,PR001290,M015,2026-01-26 16:00:00,89.07,None,True
QI001291,PR001291,M015,2026-01-26 10:00:00,89.26,None,True
QI001292,PR001292,M015,2026-01-26 15:00:00,67.7,Assembly Error,False
QI001293,PR001293,M016,2026-01-26 17:00:00,91.04,None,True
QI001294,PR001294,M016,2026-01-26 17:00:00,87.84,None,True
QI001295,PR001295,M016,2026-01-26 14:00:00,95.73,None,True
QI001296,PR001296,M018,2026-01-26 16:00:00,98.44,None,True
QI001297,PR001297,M018,2026-01-26 23:00:00,92.0,None,True
QI001298,PR001298,M018,2026-01-26 07:00:00,99.11,None,True
QI001299,PR001299,M018,2026-01-26 19:00:00,80.96,Dimensional Error,False
QI001300,PR001300,M019,2026-01-26 13:00:00,89.06,None,True
QI001301,PR001301,M019,2026-01-26 15:00:00,89.7,None,True
QI001302,PR001302,M019,2026-01-26 14:00:00,98.38,None,True
QI001303,PR001303,M020,2026-01-26 12:00:00,98.65,None,True
QI001304,PR001304,M020,2026-01-26 13:00:00,99.46,None,True
QI001305,PR001305,M020,2026-01-26 20:00:00,70.23,Surface Defect,False
QI001306,PR001306,M001,2026-01-27 13:00:00,98.95,None,True
QI001307,PR001307,M001,2026-01-27 18:00:00,95.14,None,True
QI001308,PR001308,M002,2026-01-27 21:00:00,51.19,Assembly Error,False
QI001309,PR001309,M002,2026-01-27 10:00:00,99.49,None,True
QI001310,PR001310,M002,2026-01-27 20:00:00,99.26,None,True
QI001311,PR001311,M002,2026-01-27 15:00:00,89.47,None,True
QI001312,PR001312,M004,2026-01-27 10:00:00,74.4,Material Defect,False
QI001313,PR001313,M004,2026-01-27 08:00:00,86.57,None,True
QI001314,PR001314,M004,2026-01-27 19:00:00,90.78,None,True
QI001315,PR001315,M005,2026-01-27 14:00:00,92.14,None,True
QI001316,PR001316,M005,2026-01-27 18:00:00,94.52,None,True
QI001317,PR001317,M006,2026-01-27 10:00:00,85.04,None,True
QI001318,PR001318,M006,2026-01-27 14:00:00,87.79,None,True
QI001319,PR001319,M007,2026-01-27 13:00:00,91.24,None,True
QI001320,PR001320,M007,2026-01-27 20:00:00,90.57,None,True
QI001321,PR001321,M007,2026-01-27 21:00:00,95.96,None,True
QI001322,PR001322,M009,2026-01-27 12:00:00,96.94,None,True
QI001323,PR001323,M009,2026-01-27 19:00:00,85.54,None,True
QI001324,PR001324,M009,2026-01-27 16:00:00,98.96,None,True
QI001325,PR001325,M009,2026-01-27 07:00:00,72.43,Material Defect,False
QI001326,PR001326,M010,2026-01-27 20:00:00,70.02,Dimensional Error,False
QI001327,PR001327,M010,2026-01-27 18:00:00,89.31,None,True
QI001328,PR001328,M011,2026-01-27 15:00:00,85.87,None,True
QI001329,PR001329,M011,2026-01-27 23:00:00,62.7,Material Defect,False
QI001330,PR001330,M011,2026-01-27 15:00:00,70.27,Packaging Defect,False
QI001331,PR001331,M012,2026-01-27 07:00:00,90.06,None,True
QI001332,PR001332,M012,2026-01-27 19:00:00,45.47,Surface Defect,False
QI001333,PR001333,M012,2026-01-27 16:00:00,96.04,None,True
QI001334,PR001334,M012,2026-01-27 09:00:00,98.59,None,True
QI001335,PR001335,M013,2026-01-27 09:00:00,71.89,Dimensional Error,False
QI001336,PR001336,M013,2026-01-27 14:00:00,92.79,None,True
QI001337,PR001337,M014,2026-01-27 16:00:00,89.68,None,True
QI001338,PR001338,M014,2026-01-27 12:00:00,96.59,None,True
QI001339,PR001339,M014,2026-01-27 14:00:00,99.64,None,True
QI001340,PR001340,M014,2026-01-27 13:00:00,40.75,Assembly Error,False
QI001341,PR001341,M015,2026-01-27 22:00:00,90.52,None,True
QI001342,PR001342,M015,2026-01-27 07:00:00,59.16,Packaging Defect,False
QI001343,PR001343,M015,2026-01-27 19:00:00,96.09,None,True
QI001344,PR001344,M016,2026-01-27 17:00:00,94.63,None,True
QI001345,PR001345,M016,2026-01-27 17:00:00,93.52,None,True
QI001346,PR001346,M016,2026-01-27 09:00:00,93.23,None,True
QI001347,PR001347,M017,2026-01-27 11:00:00,95.13,None,True
QI001348,PR001348,M017,2026-01-27 17:00:00,97.45,None,True
QI001349,PR001349,M017,2026-01-27 16:00:00,89.37,None,True
QI001350,PR001350,M018,2026-01-27 10:00:00,87.28,None,True
QI001351,PR001351,M018,2026-01-27 16:00:00,95.65,None,True
QI001352,PR001352,M018,2026-01-27 15:00:00,94.05,None,True
QI001353,PR001353,M019,2026-01-27 18:00:00,85.9,None,True
QI001354,PR001354,M019,2026-01-27 12:00:00,93.73,None,True
QI001355,PR001355,M019,2026-01-27 19:00:00,88.59,None,True
QI001356,PR001356,M019,2026-01-27 15:00:00,94.76,None,True
QI001357,PR001357,M020,2026-01-27 16:00:00,93.42,None,True
QI001358,PR001358,M020,2026-01-27 16:00:00,88.07,None,True
QI001359,PR001359,M020,2026-01-27 16:00:00,94.3,None,True
QI001360,PR001360,M020,2026-01-27 11:00:00,97.71,None,True
QI001361,PR001361,M001,2026-01-28 21:00:00,89.14,None,True
QI001362,PR001362,M001,2026-01-28 12:00:00,92.91,None,True
QI001363,PR001363,M001,2026-01-28 14:00:00,87.46,None,True
QI001364,PR001364,M002,2026-01-28 20:00:00,97.15,None,True
QI001365,PR001365,M002,2026-01-28 16:00:00,90.06,None,True
QI001366,PR001366,M004,2026-01-28 12:00:00,93.08,None,True
QI001367,PR001367,M004,2026-01-28 18:00:00,70.36,Surface Defect,False
QI001368,PR001368,M004,2026-01-28 17:00:00,40.35,Material Defect,False
QI001369,PR001369,M004,2026-01-28 16:00:00,85.67,None,True
QI001370,PR001370,M005,2026-01-28 20:00:00,89.53,None,True
QI001371,PR001371,M005,2026-01-28 17:00:00,90.31,None,True
QI001372,PR001372,M005,2026-01-28 10:00:00,99.43,None,True
QI001373,PR001373,M005,2026-01-28 22:00:00,98.93,None,True
QI001374,PR001374,M006,2026-01-28 20:00:00,93.2,None,True
QI001375,PR001375,M006,2026-01-28 15:00:00,60.18,Assembly Error,False
QI001376,PR001376,M007,2026-01-28 16:00:00,59.6,Material Defect,False
QI001377,PR001377,M007,2026-01-28 10:00:00,95.12,None,True
QI001378,PR001378,M007,2026-01-28 18:00:00,83.78,Surface Defect,False
QI001379,PR001379,M007,2026-01-28 15:00:00,88.63,None,True
QI001380,PR001380,M008,2026-01-28 17:00:00,87.95,None,True
QI001381,PR001381,M008,2026-01-28 08:00:00,99.92,None,True
QI001382,PR001382,M009,2026-01-28 07:00:00,99.72,None,True
QI001383,PR001383,M009,2026-01-28 08:00:00,88.89,None,True
QI001384,PR001384,M009,2026-01-28 20:00:00,93.9,None,True
QI001385,PR001385,M010,2026-01-28 14:00:00,67.38,Surface Defect,False
QI001386,PR001386,M010,2026-01-28 21:00:00,76.49,Packaging Defect,False
QI001387,PR001387,M010,2026-01-28 14:00:00,99.16,None,True
QI001388,PR001388,M010,2026-01-28 12:00:00,92.82,None,True
QI001389,PR001389,M011,2026-01-28 18:00:00,96.36,None,True
QI001390,PR001390,M011,2026-01-28 11:00:00,60.98,Material Defect,False
QI001391,PR001391,M011,2026-01-28 09:00:00,68.19,Dimensional Error,False
QI001392,PR001392,M012,2026-01-28 21:00:00,64.86,Packaging Defect,False
QI001393,PR001393,M012,2026-01-28 15:00:00,85.18,None,True
QI001394,PR001394,M012,2026-01-28 19:00:00,55.71,Material Defect,False
QI001395,PR001395,M013,2026-01-28 19:00:00,67.91,Surface Defect,False
QI001396,PR001396,M013,2026-01-28 14:00:00,97.72,None,True
QI001397,PR001397,M013,2026-01-28 15:00:00,86.43,None,True
QI001398,PR001398,M013,2026-01-28 12:00:00,85.44,None,True
QI001399,PR001399,M014,2026-01-28 14:00:00,94.94,None,True
QI001400,PR001400,M014,2026-01-28 23:00:00,52.71,Assembly Error,False
QI001401,PR001401,M014,2026-01-28 21:00:00,92.42,None,True
QI001402,PR001402,M015,2026-01-28 10:00:00,92.22,None,True
QI001403,PR001403,M015,2026-01-28 17:00:00,86.36,None,True
QI001404,PR001404,M016,2026-01-28 20:00:00,42.54,Assembly Error,False
QI001405,PR001405,M016,2026-01-28 17:00:00,94.33,None,True
QI001406,PR001406,M016,2026-01-28 16:00:00,90.79,None,True
QI001407,PR001407,M016,2026-01-28 10:00:00,91.23,None,True
QI001408,PR001408,M017,2026-01-28 11:00:00,98.53,None,True
QI001409,PR001409,M017,2026-01-28 10:00:00,99.62,None,True
QI001410,PR001410,M018,2026-01-28 15:00:00,76.95,Dimensional Error,False
QI001411,PR001411,M018,2026-01-28 23:00:00,41.58,Dimensional Error,False
QI001412,PR001412,M018,2026-01-28 14:00:00,69.9,Dimensional Error,False
QI001413,PR001413,M019,2026-01-28 15:00:00,93.72,None,True
QI001414,PR001414,M019,2026-01-28 15:00:00,93.7,None,True
QI001415,PR001415,M019,2026-01-28 10:00:00,96.38,None,True
QI001416,PR001416,M020,2026-01-28 10:00:00,55.53,Surface Defect,False
QI001417,PR001417,M020,2026-01-28 14:00:00,91.29,None,True
QI001418,PR001418,M020,2026-01-28 14:00:00,92.15,None,True
QI001419,PR001419,M020,2026-01-28 11:00:00,88.07,None,True
QI001420,PR001420,M001,2026-01-29 18:00:00,87.79,None,True
QI001421,PR001421,M001,2026-01-29 20:00:00,97.83,None,True
QI001422,PR001422,M001,2026-01-29 08:00:00,43.13,Material Defect,False
QI001423,PR001423,M001,2026-01-29 17:00:00,78.7,Dimensional Error,False
QI001424,PR001424,M002,2026-01-29 13:00:00,97.16,None,True
QI001425,PR001425,M002,2026-01-29 18:00:00,89.98,None,True
QI001426,PR001426,M003,2026-01-29 17:00:00,96.57,None,True
QI001427,PR001427,M003,2026-01-29 21:00:00,87.27,None,True
QI001428,PR001428,M004,2026-01-29 22:00:00,93.09,None,True
QI001429,PR001429,M004,2026-01-29 09:00:00,91.38,None,True
QI001430,PR001430,M006,2026-01-29 15:00:00,45.63,Dimensional Error,False
QI001431,PR001431,M006,2026-01-29 23:00:00,58.33,Packaging Defect,False
QI001432,PR001432,M008,2026-01-29 20:00:00,88.01,None,True
QI001433,PR001433,M008,2026-01-29 10:00:00,40.44,Material Defect,False
QI001434,PR001434,M008,2026-01-29 12:00:00,40.06,Material Defect,False
QI001435,PR001435,M008,2026-01-29 19:00:00,88.36,None,True
QI001436,PR001436,M009,2026-01-29 09:00:00,96.13,None,True
QI001437,PR001437,M009,2026-01-29 19:00:00,91.34,None,True
QI001438,PR001438,M009,2026-01-29 14:00:00,89.88,None,True
QI001439,PR001439,M011,2026-01-29 09:00:00,97.25,None,True
QI001440,PR001440,M011,2026-01-29 17:00:00,56.32,Assembly Error,False
QI001441,PR001441,M011,2026-01-29 19:00:00,91.09,None,True
QI001442,PR001442,M011,2026-01-29 12:00:00,73.55,Packaging Defect,False
QI001443,PR001443,M012,2026-01-29 21:00:00,56.75,Surface Defect,False
QI001444,PR001444,M012,2026-01-29 13:00:00,87.51,None,True
QI001445,PR001445,M012,2026-01-29 21:00:00,93.76,None,True
QI001446,PR001446,M012,2026-01-29 23:00:00,85.64,None,True
QI001447,PR001447,M013,2026-01-29 19:00:00,66.47,Material Defect,False
QI001448,PR001448,M013,2026-01-29 16:00:00,86.95,None,True
QI001449,PR001449,M014,2026-01-29 12:00:00,96.71,None,True
QI001450,PR001450,M014,2026-01-29 21:00:00,87.58,None,True
QI001451,PR001451,M014,2026-01-29 21:00:00,91.73,None,True
QI001452,PR001452,M015,2026-01-29 13:00:00,47.93,Assembly Error,False
QI001453,PR001453,M015,2026-01-29 17:00:00,86.83,None,True
QI001454,PR001454,M015,2026-01-29 12:00:00,77.42,Dimensional Error,False
QI001455,PR001455,M017,2026-01-29 08:00:00,75.51,Packaging Defect,False
QI001456,PR001456,M017,2026-01-29 17:00:00,49.39,Material Defect,False
QI001457,PR001457,M017,2026-01-29 10:00:00,97.85,None,True
QI001458,PR001458,M019,2026-01-29 16:00:00,95.91,None,True
QI001459,PR001459,M019,2026-01-29 22:00:00,99.21,None,True
QI001460,PR001460,M019,2026-01-29 15:00:00,90.71,None,True
QI001461,PR001461,M019,2026-01-29 11:00:00,74.59,Material Defect,False
QI001462,PR001462,M020,2026-01-29 09:00:00,85.38,None,True
QI001463,PR001463,M020,2026-01-29 10:00:00,85.17,None,True
QI001464,PR001464,M020,2026-01-29 22:00:00,99.55,None,True
QI001465,PR001465,M001,2026-01-30 19:00:00,88.52,None,True
QI001466,PR001466,M001,2026-01-30 14:00:00,97.26,None,True
QI001467,PR001467,M002,2026-01-30 09:00:00,99.51,None,True
QI001468,PR001468,M002,2026-01-30 09:00:00,62.21,Assembly Error,False
QI001469,PR001469,M003,2026-01-30 17:00:00,86.78,None,True
QI001470,PR001470,M003,2026-01-30 18:00:00,95.72,None,True
QI001471,PR001471,M003,2026-01-30 19:00:00,88.4,None,True
QI001472,PR001472,M004,2026-01-30 17:00:00,97.13,None,True
QI001473,PR001473,M004,2026-01-30 10:00:00,94.38,None,True
QI001474,PR001474,M004,2026-01-30 13:00:00,97.25,None,True
QI001475,PR001475,M007,2026-01-30 14:00:00,86.06,None,True
QI001476,PR001476,M007,2026-01-30 16:00:00,81.15,Surface Defect,False
QI001477,PR001477,M007,2026-01-30 12:00:00,98.59,None,True
QI001478,PR001478,M008,2026-01-30 19:00:00,69.66,Material Defect,False
QI001479,PR001479,M008,2026-01-30 11:00:00,40.87,Packaging Defect,False
QI001480,PR001480,M008,2026-01-30 11:00:00,55.53,Dimensional Error,False
QI001481,PR001481,M009,2026-01-30 19:00:00,91.46,None,True
QI001482,PR001482,M009,2026-01-30 12:00:00,94.08,None,True
QI001483,PR001483,M010,2026-01-30 18:00:00,55.66,Surface Defect,False
QI001484,PR001484,M010,2026-01-30 21:00:00,95.28,None,True
QI001485,PR001485,M010,2026-01-30 18:00:00,85.85,None,True
QI001486,PR001486,M011,2026-01-30 17:00:00,99.17,None,True
QI001487,PR001487,M011,2026-01-30 11:00:00,95.07,None,True
QI001488,PR001488,M012,2026-01-30 15:00:00,87.98,None,True
QI001489,PR001489,M012,2026-01-30 11:00:00,96.26,None,True
QI001490,PR001490,M012,2026-01-30 22:00:00,52.23,Surface Defect,False
QI001491,PR001491,M013,2026-01-30 13:00:00,98.72,None,True
QI001492,PR001492,M013,2026-01-30 11:00:00,59.81,Surface Defect,False
QI001493,PR001493,M014,2026-01-30 14:00:00,82.71,Packaging Defect,False
QI001494,PR001494,M014,2026-01-30 10:00:00,93.33,None,True
QI001495,PR001495,M014,2026-01-30 21:00:00,65.62,Dimensional Error,False
QI001496,PR001496,M014,2026-01-30 07:00:00,90.96,None,True
QI001497,PR001497,M017,2026-01-30 16:00:00,49.03,Dimensional Error,False
QI001498,PR001498,M017,2026-01-30 08:00:00,94.46,None,True
QI001499,PR001499,M018,2026-01-30 22:00:00,95.35,None,True
QI001500,PR001500,M018,2026-01-30 13:00:00,66.2,Assembly Error,False
QI001501,PR001501,M018,2026-01-30 20:00:00,81.86,Assembly Error,False
QI001502,PR001502,M018,2026-01-30 22:00:00,95.44,None,True
QI001503,PR001503,M019,2026-01-30 11:00:00,86.38,None,True
QI001504,PR001504,M019,2026-01-30 17:00:00,94.62,None,True
QI001505,PR001505,M019,2026-01-30 19:00:00,90.6,None,True
QI001506,PR001506,M019,2026-01-30 18:00:00,91.76,None,True
QI001507,PR001507,M020,2026-01-30 19:00:00,93.75,None,True
QI001508,PR001508,M020,2026-01-30 17:00:00,88.74,None,True
QI001509,PR001509,M020,2026-01-30 12:00:00,47.66,Assembly Error,False
QI001510,PR001510,M020,2026-01-30 09:00:00,46.81,Assembly Error,False
